-- Uh Oh
local Players = game:GetService('Players')
local RunService = game:GetService('RunService')

local player = Players.LocalPlayer
local camera = workspace.CurrentCamera

local root = player.Character:WaitForChild('HumanoidRootPart')

camera.CameraType = Enum.CameraType.Scriptable

local frames = {
	{cf=CFrame.new(-0.644951,13.607597,19.998505,0.999827,0.009602,-0.015945,-0.001670,0.899502,0.436913,0.018538,-0.436810,0.899363),fov=70.000000,dt=0.011908},
	{cf=CFrame.new(-0.866131,16.452179,18.224701,0.999499,0.015837,-0.027413,0.001561,0.840188,0.542293,0.031620,-0.542064,0.839742),fov=70.000000,dt=0.009818},
	{cf=CFrame.new(0.636246,16.154297,18.215729,0.999549,-0.020113,0.022303,0.005442,0.851631,0.524114,-0.029535,-0.523756,0.851356),fov=70.000000,dt=0.013616},
	{cf=CFrame.new(-0.023277,15.704231,18.237640,0.999979,-0.001055,-0.006396,0.004109,0.866343,0.499432,0.005014,-0.499448,0.866329),fov=70.000000,dt=0.016741},
	{cf=CFrame.new(-0.119049,14.101631,18.798370,0.999912,0.005852,-0.011930,-0.000140,0.902400,0.430900,0.013287,-0.430860,0.902321),fov=70.000000,dt=0.018595},
	{cf=CFrame.new(-0.191692,13.886871,18.523987,0.999741,0.009497,-0.020677,0.000000,0.908725,0.417395,0.022754,-0.417287,0.908490),fov=70.000000,dt=0.019777},
	{cf=CFrame.new(-0.074959,13.952469,17.223663,0.999741,0.009497,-0.020677,0.000000,0.908725,0.417395,0.022754,-0.417287,0.908490),fov=70.000000,dt=0.057267},
	{cf=CFrame.new(-0.072376,13.934517,16.924957,0.999741,0.009497,-0.020677,0.000000,0.908726,0.417394,0.022754,-0.417286,0.908490),fov=70.000000,dt=0.017864},
	{cf=CFrame.new(1.617989,1.440605,5.184723,0.990773,0.027293,0.132758,-0.032166,0.998880,0.034702,-0.131662,-0.038652,0.990541),fov=28.250000,dt=0.054611},
	{cf=CFrame.new(3.372345,0.044334,6.284668,0.939272,0.136782,0.314737,-0.121503,0.990275,-0.067761,-0.320945,0.025405,0.946757),fov=26.966082,dt=0.048911},
	{cf=CFrame.new(3.999634,0.039688,7.154602,0.879156,0.066916,0.471813,-0.027369,0.995548,-0.090198,-0.475748,0.066385,0.877073),fov=26.760338,dt=0.022072},
	{cf=CFrame.new(4.003441,0.095131,6.975647,0.862787,0.040567,0.503938,0.003863,0.996217,-0.086810,-0.505553,0.076845,0.859367),fov=26.608829,dt=0.010856},
	{cf=CFrame.new(4.088165,0.175209,6.463135,0.849696,0.063186,0.523473,-0.018423,0.995745,-0.090288,-0.526951,0.067073,0.847245),fov=26.274569,dt=0.016988},
	{cf=CFrame.new(4.243389,0.246880,5.864166,0.826806,0.082754,0.556366,-0.037493,0.995027,-0.092283,-0.561236,0.055441,0.825797),fov=25.903460,dt=0.017069},
	{cf=CFrame.new(4.591793,0.285011,5.082275,0.770717,0.078736,0.632294,-0.031469,0.995829,-0.085646,-0.636400,0.046111,0.769980),fov=25.552380,dt=0.015219},
	{cf=CFrame.new(4.959526,0.319794,4.282166,0.704047,0.071763,0.706517,-0.023773,0.996705,-0.077549,-0.709755,0.037802,0.703434),fov=25.103218,dt=0.018113},
	{cf=CFrame.new(5.329197,0.354240,3.480255,0.629908,0.064005,0.774027,-0.016759,0.997487,-0.068844,-0.776488,0.030394,0.629398),fov=24.712275,dt=0.015915},
	{cf=CFrame.new(5.699059,0.388641,2.678131,0.549335,0.055764,0.833739,-0.010687,0.998158,-0.059719,-0.835534,0.023895,0.548920),fov=24.292929,dt=0.016448},
	{cf=CFrame.new(6.068939,0.423065,1.876038,0.463174,0.047158,0.885011,-0.005603,0.998719,-0.050285,-0.886250,0.018332,0.462846),fov=23.750055,dt=0.020994},
	{cf=CFrame.new(6.058067,0.511314,0.203918,0.311055,0.007109,0.950365,0.001027,0.999969,-0.007816,-0.950392,0.003407,0.311038),fov=25.490311,dt=0.013922},
	{cf=CFrame.new(5.074326,0.680428,-3.155090,0.100939,-0.084170,0.991325,-0.000816,0.996407,0.084685,-0.994892,-0.009357,0.100508),fov=28.199175,dt=0.014243},
	{cf=CFrame.new(4.615700,0.599518,-3.652710,0.337741,-0.044734,0.940175,0.020983,0.998980,0.039994,-0.941005,0.006220,0.338336),fov=32.230446,dt=0.017080},
	{cf=CFrame.new(4.209591,0.493599,-3.864136,0.592421,0.003374,0.805621,0.029799,0.999215,-0.026098,-0.805077,0.039468,0.591856),fov=36.630901,dt=0.017230},
	{cf=CFrame.new(3.628613,0.336281,-4.127747,0.872136,0.056353,0.486007,0.007210,0.991756,-0.127934,-0.489211,0.115080,0.864541),fov=42.579037,dt=0.022246},
	{cf=CFrame.new(3.213306,0.266747,-5.275757,0.937754,0.071950,0.339765,-0.022223,0.988731,-0.148042,-0.346588,0.131276,0.928786),fov=45.780029,dt=0.023464},
	{cf=CFrame.new(2.837837,0.223122,-6.742035,0.960979,0.083030,0.263863,-0.046124,0.988631,-0.143113,-0.272745,0.125358,0.953885),fov=46.972740,dt=0.024643},
	{cf=CFrame.new(2.265999,0.160057,-9.051056,0.982445,0.100850,0.156939,-0.080841,0.988338,-0.129046,-0.168124,0.114094,0.979141),fov=46.987862,dt=0.027745},
	{cf=CFrame.new(2.000874,0.212013,-11.178925,0.988076,0.109311,0.108427,-0.095993,0.987968,-0.121260,-0.120377,0.109406,0.986681),fov=46.701691,dt=0.024340},
	{cf=CFrame.new(1.955414,0.417870,-14.106903,0.988516,0.110163,0.103434,-0.097554,0.987978,-0.119929,-0.115402,0.108462,0.987380),fov=46.359528,dt=0.018973},
	{cf=CFrame.new(1.928131,0.679253,-17.657928,0.988576,0.110241,0.102779,-0.097791,0.988045,-0.119182,-0.114689,0.107770,0.987539),fov=45.442150,dt=0.026069},
	{cf=CFrame.new(1.910240,0.865921,-20.185181,0.988593,0.110244,0.102610,-0.097868,0.988095,-0.118698,-0.114474,0.107302,0.987615),fov=44.953297,dt=0.016949},
	{cf=CFrame.new(1.960476,1.005157,-23.153412,0.985036,0.113626,0.129582,-0.099290,0.988712,-0.112202,-0.140868,0.097657,0.985200),fov=44.220535,dt=0.023587},
	{cf=CFrame.new(2.050014,1.019318,-24.898743,0.978652,0.118054,0.168234,-0.101570,0.989434,-0.103459,-0.178671,0.084163,0.980303),fov=43.800625,dt=0.014780},
	{cf=CFrame.new(2.122360,1.020905,-26.159637,0.972488,0.121225,0.198923,-0.103639,0.989913,-0.096595,-0.208627,0.073322,0.975243),fov=43.310673,dt=0.015305},
	{cf=CFrame.new(2.214111,1.021301,-27.734253,0.963330,0.124778,0.237538,-0.106577,0.990399,-0.088036,-0.246242,0.059492,0.967381),fov=42.727161,dt=0.017055},
	{cf=CFrame.new(2.328938,1.021629,-29.702362,0.949762,0.128490,0.285378,-0.110743,0.990819,-0.077547,-0.292723,0.042047,0.955273),fov=42.048981,dt=0.019633},
	{cf=CFrame.new(2.500122,0.965652,-30.982727,0.940471,0.123396,0.316681,-0.107260,0.991905,-0.067963,-0.322504,0.029950,0.946094),fov=41.606579,dt=0.013414},
	{cf=CFrame.new(2.794388,0.847916,-32.553619,0.928325,0.110469,0.354976,-0.097821,0.993768,-0.053442,-0.358668,0.014887,0.933347),fov=41.124180,dt=0.013351},
	{cf=CFrame.new(3.031673,0.752029,-33.792908,0.917662,0.099501,0.384701,-0.090458,0.995032,-0.041583,-0.386928,0.003359,0.922104),fov=40.529095,dt=0.015463},
	{cf=CFrame.new(3.332554,0.630295,-35.359680,0.902787,0.085102,0.421584,-0.081649,0.996315,-0.026274,-0.422266,-0.010702,0.906409),fov=39.894611,dt=0.016445},
	{cf=CFrame.new(3.639790,0.505997,-36.959229,0.886015,0.069882,0.458359,-0.073307,0.997256,-0.010340,-0.457824,-0.024440,0.888708),fov=39.259819,dt=0.016753},
	{cf=CFrame.new(4.011070,0.390366,-38.578125,0.865305,0.053216,0.498411,-0.063381,0.997983,0.003483,-0.497221,-0.034603,0.866934),fov=38.643578,dt=0.016567},
	{cf=CFrame.new(4.578991,0.302460,-40.247131,0.834633,0.033559,0.549783,-0.047079,0.998836,0.010501,-0.548791,-0.034648,0.835242),fov=38.047649,dt=0.016162},
	{cf=CFrame.new(5.166576,0.217331,-41.921143,0.799692,0.013826,0.600251,-0.030613,0.999373,0.017764,-0.599629,-0.032581,0.799615),fov=37.404774,dt=0.017397},
	{cf=CFrame.new(5.756134,0.132469,-43.595642,0.761256,-0.005636,0.648427,-0.014673,0.999556,0.025915,-0.648286,-0.029242,0.760836),fov=36.808945,dt=0.016507},
	{cf=CFrame.new(6.345879,0.047646,-45.270264,0.719557,-0.024726,0.693993,0.000611,0.999388,0.034973,-0.694433,-0.024741,0.719132),fov=36.215332,dt=0.016408},
	{cf=CFrame.new(6.989964,-0.018089,-47.071106,0.671240,-0.042289,0.740032,0.012912,0.998887,0.045370,-0.741127,-0.020899,0.671039),fov=35.807266,dt=0.016788},
	{cf=CFrame.new(7.802441,-0.024666,-49.263245,0.608038,-0.056301,0.791909,0.017242,0.998184,0.057727,-0.793721,-0.021446,0.607905),fov=35.538586,dt=0.016642},
	{cf=CFrame.new(8.631756,-0.025314,-51.494629,0.539439,-0.069910,0.839117,0.019758,0.997324,0.070389,-0.841793,-0.021391,0.539377),fov=35.036743,dt=0.046588},
	{cf=CFrame.new(10.397835,-0.025375,-56.244934,0.381363,-0.098081,0.919207,0.021227,0.995022,0.097364,-0.924182,-0.017619,0.381547),fov=35.031746,dt=0.006798},
	{cf=CFrame.new(11.050446,-0.067818,-58.063843,0.320325,-0.104217,0.941557,0.020470,0.994459,0.103108,-0.947087,-0.013755,0.320684),fov=35.023979,dt=0.012231},
	{cf=CFrame.new(11.523552,-0.241768,-59.597046,0.277644,-0.095175,0.955957,0.019841,0.995436,0.093343,-0.960479,-0.006949,0.278266),fov=35.013592,dt=0.021654},
	{cf=CFrame.new(11.978710,-0.428886,-61.101624,0.236354,-0.084454,0.967989,0.019698,0.996427,0.082126,-0.971467,-0.000344,0.237174),fov=35.010006,dt=0.013193},
	{cf=CFrame.new(12.432076,-0.617310,-62.603394,0.194794,-0.073430,0.978091,0.020027,0.997284,0.070882,-0.980640,0.005781,0.195736),fov=35.617825,dt=0.015272},
	{cf=CFrame.new(12.885258,-0.805870,-64.104919,0.152868,-0.062261,0.986283,0.020817,0.997995,0.059774,-0.988028,0.011394,0.153858),fov=36.788307,dt=0.017304},
	{cf=CFrame.new(13.248295,-0.951866,-65.598572,0.116692,-0.053435,0.991729,0.021055,0.998460,0.051320,-0.992945,0.014892,0.117637),fov=38.292068,dt=0.017852},
	{cf=CFrame.new(13.331924,-0.965912,-67.067932,0.099157,-0.052198,0.993701,0.018359,0.998549,0.050620,-0.994903,0.013224,0.099971),fov=39.722477,dt=0.015191},
	{cf=CFrame.new(13.387615,-0.966751,-68.534790,0.083468,-0.051761,0.995165,0.015362,0.998598,0.050651,-0.996392,0.011060,0.084146),fov=41.465557,dt=0.016514},
	{cf=CFrame.new(13.440510,-0.966263,-70.001526,0.067944,-0.051439,0.996362,0.012343,0.998637,0.050715,-0.997613,0.008852,0.068486),fov=42.474174,dt=0.016765},
	{cf=CFrame.new(13.493126,-0.965668,-71.468140,0.052419,-0.051161,0.997313,0.009331,0.998668,0.050740,-0.998582,0.006646,0.052827),fov=42.949429,dt=0.016130},
	{cf=CFrame.new(13.533878,-0.953369,-72.715698,0.040458,-0.046881,0.998080,0.007003,0.998887,0.046635,-0.999157,0.005103,0.040741),fov=43.109085,dt=0.016926},
	{cf=CFrame.new(13.537956,-0.904839,-73.283508,0.039528,-0.030080,0.998765,0.006775,0.999532,0.029835,-0.999196,0.005588,0.039713),fov=43.037224,dt=0.016763},
	{cf=CFrame.new(13.538364,-0.852699,-73.783386,0.039619,-0.012017,0.999142,0.006752,0.999908,0.011758,-0.999192,0.006280,0.039697),fov=42.816906,dt=0.016471},
	{cf=CFrame.new(13.538406,-0.800186,-74.276428,0.039730,0.006177,0.999191,0.006745,0.999956,-0.006450,-0.999188,0.006996,0.039687),fov=42.478016,dt=0.017383},
	{cf=CFrame.new(13.538406,-0.747635,-74.768921,0.039760,0.024381,0.998911,0.006740,0.999673,-0.024668,-0.999187,0.007713,0.039583),fov=42.022392,dt=0.019601},
	{cf=CFrame.new(13.538406,-0.706909,-75.303528,0.039745,0.040205,0.998400,0.006734,0.999157,-0.040504,-0.999188,0.008333,0.039441),fov=41.686260,dt=0.013631},
	{cf=CFrame.new(13.538395,-0.702835,-75.969543,0.039821,0.048664,0.998020,0.006721,0.998778,-0.048969,-0.999184,0.008658,0.039446),fov=41.219612,dt=0.016395},
	{cf=CFrame.new(13.538383,-0.702415,-76.648621,0.039892,0.056383,0.997611,0.006707,0.998369,-0.056694,-0.999182,0.008953,0.039449),fov=40.713104,dt=0.017080},
	{cf=CFrame.new(13.538372,-0.702377,-77.329102,0.039948,0.064027,0.997148,0.006694,0.997905,-0.064343,-0.999180,0.009245,0.039436),fov=40.204803,dt=0.016914},
	{cf=CFrame.new(13.538364,-0.702362,-78.009644,0.039988,0.071659,0.996627,0.006680,0.997384,-0.071981,-0.999178,0.009536,0.039405),fov=39.713997,dt=0.016139},
	{cf=CFrame.new(13.538349,-0.702362,-78.774963,0.040126,0.077598,0.996176,0.006005,0.996943,-0.077900,-0.999177,0.009107,0.039537),fov=39.175156,dt=0.017314},
	{cf=CFrame.new(13.538326,-0.702354,-79.803101,0.040607,0.078304,0.996102,0.003274,0.996909,-0.078500,-0.999170,0.006449,0.040225),fov=38.643452,dt=0.017223},
	{cf=CFrame.new(13.538303,-0.702339,-80.857544,0.041120,0.078487,0.996066,0.000338,0.996909,-0.078567,-0.999154,0.003568,0.040967),fov=38.167336,dt=0.015477},
	{cf=CFrame.new(13.538277,-0.702324,-81.914673,0.041634,0.078620,0.996034,-0.002619,0.996904,-0.078579,-0.999130,0.000663,0.041711),fov=37.621056,dt=0.017196},
	{cf=CFrame.new(13.538258,-0.702324,-82.971985,0.042146,0.078749,0.996003,-0.005578,0.996892,-0.078584,-0.999096,-0.002244,0.042454),fov=37.080822,dt=0.017222},
	{cf=CFrame.new(13.538235,-0.722061,-84.086243,0.042541,0.078850,0.995978,-0.007872,0.996876,-0.078585,-0.999064,-0.004498,0.043029),fov=36.564198,dt=0.016617},
	{cf=CFrame.new(13.538227,-0.803017,-85.376709,0.042580,0.078860,0.995975,-0.008102,0.996875,-0.078585,-0.999060,-0.004723,0.043086),fov=36.068237,dt=0.015853},
	{cf=CFrame.new(13.538223,-0.890083,-86.684814,0.042584,0.078861,0.995975,-0.008125,0.996874,-0.078585,-0.999060,-0.004746,0.043092),fov=35.693104,dt=0.017558},
	{cf=CFrame.new(13.538212,-0.977760,-87.994690,0.042585,0.078862,0.995975,-0.008127,0.996874,-0.078585,-0.999060,-0.004748,0.043093),fov=35.478802,dt=0.015460},
	{cf=CFrame.new(13.538208,-1.065506,-89.304749,0.042585,0.078862,0.995975,-0.008127,0.996874,-0.078585,-0.999060,-0.004748,0.043093),fov=35.305275,dt=0.018121},
	{cf=CFrame.new(13.537231,-1.126022,-90.691833,0.042615,0.076592,0.996151,-0.008115,0.997051,-0.076314,-0.999059,-0.004831,0.043111),fov=35.205711,dt=0.016307},
	{cf=CFrame.new(13.533237,-1.102036,-92.318115,0.042726,0.067281,0.996818,-0.008062,0.997721,-0.066997,-0.999054,-0.005174,0.043172),fov=35.133598,dt=0.017528},
	{cf=CFrame.new(13.528942,-1.069580,-93.968384,0.042819,0.057260,0.997440,-0.008004,0.998344,-0.056968,-0.999051,-0.005544,0.043206),fov=35.091278,dt=0.015838},
	{cf=CFrame.new(13.524624,-1.036301,-95.620911,0.042884,0.047162,0.997966,-0.007943,0.998870,-0.046864,-0.999049,-0.005917,0.043210),fov=35.061214,dt=0.016467},
	{cf=CFrame.new(13.520298,-1.002937,-97.273682,0.042920,0.037053,0.998391,-0.007882,0.999294,-0.036747,-0.999048,-0.006292,0.043182),fov=35.041389,dt=0.016192},
	{cf=CFrame.new(13.517517,-0.989799,-98.789307,0.039461,0.026173,0.998878,-0.007473,0.999637,-0.025897,-0.999193,-0.006442,0.039643),fov=35.027359,dt=0.016951},
	{cf=CFrame.new(13.519520,-1.039436,-99.879333,0.025196,0.012952,0.999598,-0.006107,0.999899,-0.012802,-0.999664,-0.005782,0.025273),fov=35.017830,dt=0.017414},
	{cf=CFrame.new(13.522011,-1.095337,-100.926697,0.009782,-0.000441,0.999951,-0.004843,0.999988,0.000489,-0.999941,-0.004848,0.009780),fov=35.012012,dt=0.016312},
	{cf=CFrame.new(13.524540,-1.151878,-101.969971,-0.005808,-0.013786,0.999887,-0.003782,0.999898,0.013764,-0.999976,-0.003701,-0.005860),fov=35.008255,dt=0.015634},
	{cf=CFrame.new(13.527077,-1.208473,-103.012756,-0.021471,-0.027054,0.999403,-0.002932,0.999631,0.026998,-0.999765,-0.002351,-0.021542),fov=35.005295,dt=0.017932},
	{cf=CFrame.new(13.507298,-1.216087,-104.103699,-0.043789,-0.035759,0.998400,-0.002957,0.999359,0.035663,-0.999037,-0.001390,-0.043867),fov=35.855667,dt=0.021316},
	{cf=CFrame.new(13.418324,-1.071831,-105.344055,-0.086546,-0.030611,0.995777,-0.004961,0.999529,0.030295,-0.996236,-0.002318,-0.086657),fov=36.689423,dt=0.013258},
	{cf=CFrame.new(13.322433,-0.912384,-106.599304,-0.131205,-0.024219,0.991059,-0.006848,0.999700,0.023523,-0.991332,-0.003701,-0.131331),fov=37.945034,dt=0.014564},
	{cf=CFrame.new(13.225849,-0.751411,-107.856079,-0.175826,-0.017850,0.984259,-0.008425,0.999826,0.016628,-0.984385,-0.005369,-0.175946),fov=39.598579,dt=0.016356},
	{cf=CFrame.new(13.129192,-0.590294,-109.112976,-0.220133,-0.011643,0.975400,-0.009680,0.999906,0.009750,-0.975422,-0.007296,-0.220225),fov=41.412586,dt=0.016792},
	{cf=CFrame.new(13.054340,-0.452232,-110.338379,-0.260209,-0.006944,0.965527,-0.012138,0.999919,0.003920,-0.965476,-0.010699,-0.260272),fov=42.547153,dt=0.018532},
	{cf=CFrame.new(13.047108,-0.385727,-111.466064,-0.288176,-0.006563,0.957554,-0.019108,0.999817,0.001102,-0.957387,-0.017979,-0.288249),fov=42.957092,dt=0.014638},
	{cf=CFrame.new(13.046635,-0.326378,-112.583862,-0.314758,-0.006811,0.949147,-0.026413,0.999650,-0.001586,-0.948804,-0.025569,-0.314828),fov=43.123753,dt=0.017961},
	{cf=CFrame.new(13.046844,-0.267731,-113.700745,-0.340996,-0.007311,0.940035,-0.033622,0.999425,-0.004423,-0.939463,-0.033114,-0.341046),fov=43.054321,dt=0.015158},
	{cf=CFrame.new(13.047115,-0.209160,-114.817505,-0.366975,-0.008024,0.930196,-0.040687,0.999144,-0.007433,-0.929341,-0.040575,-0.366987),fov=42.812386,dt=0.017636},
	{cf=CFrame.new(13.049873,-0.150383,-115.863770,-0.378800,-0.005629,0.925461,-0.049791,0.998657,-0.014306,-0.924138,-0.051499,-0.378572),fov=42.478622,dt=0.017199},
	{cf=CFrame.new(13.060314,-0.090935,-116.691162,-0.347485,0.007520,0.937655,-0.066130,0.997281,-0.032505,-0.935351,-0.073302,-0.346043),fov=42.092369,dt=0.016608},
	{cf=CFrame.new(13.071526,-0.031418,-117.496704,-0.311847,0.022728,0.949860,-0.084078,0.995132,-0.051414,-0.946405,-0.095896,-0.308418),fov=41.661079,dt=0.016551},
	{cf=CFrame.new(13.082809,0.028114,-118.300110,-0.275867,0.039068,0.960401,-0.103017,0.992217,-0.069952,-0.955660,-0.118235,-0.269695),fov=41.217186,dt=0.015877},
	{cf=CFrame.new(13.094105,0.087646,-119.103210,-0.240041,0.056414,0.969122,-0.122844,0.988519,-0.087970,-0.962959,-0.140168,-0.230355),fov=40.711624,dt=0.017076},
	{cf=CFrame.new(13.028454,0.133789,-119.888306,-0.199295,0.073830,0.977154,-0.139946,0.984793,-0.102950,-0.969895,-0.157266,-0.185932),fov=40.197769,dt=0.017116},
	{cf=CFrame.new(12.724209,0.138420,-120.617310,-0.142218,0.089077,0.985818,-0.146620,0.983060,-0.109980,-0.978916,-0.160182,-0.126748),fov=39.717415,dt=0.015868},
	{cf=CFrame.new(12.396103,0.138901,-121.340759,-0.083167,0.104330,0.991059,-0.152676,0.981430,-0.116129,-0.984771,-0.160969,-0.065694),fov=39.220425,dt=0.015934},
	{cf=CFrame.new(12.065617,0.138969,-122.063599,-0.023817,0.119786,0.992513,-0.159099,0.979689,-0.122056,-0.986975,-0.160815,-0.004275),fov=38.678905,dt=0.017041},
	{cf=CFrame.new(11.734886,0.138985,-122.786438,0.035455,0.135426,0.990152,-0.165987,0.977812,-0.127795,-0.985491,-0.159822,0.057147),fov=38.151669,dt=0.016752},
	{cf=CFrame.new(11.511028,0.105927,-123.607544,0.080581,0.147658,0.985750,-0.166598,0.977050,-0.132736,-0.982727,-0.153528,0.103331),fov=37.611866,dt=0.017161},
	{cf=CFrame.new(11.618645,-0.029716,-124.733215,0.082611,0.148918,0.985392,-0.146440,0.979853,-0.135804,-0.985764,-0.133082,0.102755),fov=37.088181,dt=0.016793},
	{cf=CFrame.new(11.759411,-0.175621,-125.889404,0.080218,0.149149,0.985555,-0.124134,0.982540,-0.138589,-0.989018,-0.111223,0.097332),fov=36.583054,dt=0.016171},
	{cf=CFrame.new(11.903496,-0.322556,-127.048584,0.077258,0.149344,0.985762,-0.101564,0.984753,-0.141231,-0.991825,-0.089207,0.091248),fov=36.034111,dt=0.017338},
	{cf=CFrame.new(12.047909,-0.469589,-128.208130,0.074119,0.149602,0.985964,-0.078933,0.986462,-0.143744,-0.994121,-0.067171,0.084924),fov=35.702690,dt=0.016024},
	{cf=CFrame.new(12.176945,-0.619087,-129.277100,0.068970,0.149124,0.986410,-0.049306,0.988066,-0.145927,-0.996400,-0.038572,0.075499),fov=35.462929,dt=0.017060},
	{cf=CFrame.new(12.258183,-0.776222,-130.065369,0.057429,0.146541,0.987536,0.001897,0.989151,-0.146891,-0.998348,0.010309,0.056528),fov=35.305119,dt=0.017045},
	{cf=CFrame.new(12.334644,-0.934128,-130.825500,0.044420,0.144423,0.988518,0.055093,0.987635,-0.146769,-0.997493,0.060980,0.035914),fov=35.201244,dt=0.017022},
	{cf=CFrame.new(12.410629,-1.092110,-131.582886,0.030486,0.143065,0.989243,0.108165,0.983419,-0.145556,-0.993666,0.111439,0.014506),fov=35.133904,dt=0.016731},
	{cf=CFrame.new(12.483742,-1.197052,-132.370117,0.008785,0.138311,0.990349,0.150858,0.978869,-0.138046,-0.988517,0.150615,-0.012266),fov=35.090420,dt=0.016237},
	{cf=CFrame.new(12.548122,-1.137535,-133.250854,-0.035004,0.121080,0.992025,0.161973,0.980197,-0.113921,-0.986174,0.156694,-0.053922),fov=35.052521,dt=0.020958},
	{cf=CFrame.new(12.611622,-1.061577,-134.141052,-0.081177,0.102936,0.991369,0.168814,0.981702,-0.088109,-0.982300,0.160205,-0.097068),fov=35.567455,dt=0.013221},
	{cf=CFrame.new(12.675037,-0.983963,-135.032043,-0.127643,0.085101,0.988162,0.174135,0.982759,-0.062143,-0.976414,0.164142,-0.140261),fov=36.592758,dt=0.014935},
	{cf=CFrame.new(12.754883,-0.900826,-136.108398,-0.175021,0.068038,0.982210,0.179795,0.983043,-0.036058,-0.968009,0.170286,-0.184287),fov=38.048912,dt=0.016520},
	{cf=CFrame.new(12.885712,-0.801048,-137.759338,-0.225164,0.052643,0.972897,0.188980,0.981936,-0.009395,-0.955818,0.181743,-0.231045),fov=39.657841,dt=0.016248},
	{cf=CFrame.new(13.021645,-0.699593,-139.467590,-0.275304,0.038309,0.960593,0.197181,0.980212,0.017420,-0.940919,0.194206,-0.277410),fov=41.502815,dt=0.017268},
	{cf=CFrame.new(13.158085,-0.597984,-141.181702,-0.325010,0.024995,0.945380,0.203946,0.977981,0.044258,-0.923458,0.207191,-0.322951),fov=42.468479,dt=0.016252},
	{cf=CFrame.new(13.159409,-0.530716,-142.895935,-0.374240,0.017762,0.927161,0.208171,0.975908,0.065331,-0.903664,0.217458,-0.368922),fov=42.969551,dt=0.016941},
	{cf=CFrame.new(12.741520,-0.570015,-144.609375,-0.422978,0.026553,0.905750,0.208444,0.975616,0.068740,-0.881840,0.217874,-0.418199),fov=43.125725,dt=0.017295},
	{cf=CFrame.new(12.281715,-0.619980,-146.322571,-0.470533,0.036804,0.881614,0.208329,0.975517,0.070465,-0.857437,0.216822,-0.466681),fov=43.050995,dt=0.016177},
	{cf=CFrame.new(11.817719,-0.670998,-148.035828,-0.516714,0.047057,0.854863,0.208131,0.975439,0.072108,-0.830475,0.215183,-0.513817),fov=42.812027,dt=0.017505},
	{cf=CFrame.new(11.418438,-0.716507,-149.522400,-0.552243,0.056761,0.831748,0.203921,0.976570,0.068750,-0.808358,0.207577,-0.550880),fov=42.513298,dt=0.015400},
	{cf=CFrame.new(11.221157,-0.744560,-150.305908,-0.559061,0.065070,0.826568,0.187492,0.981014,0.049585,-0.807649,0.182696,-0.560647),fov=42.111801,dt=0.016764},
	{cf=CFrame.new(11.004730,-0.776749,-151.177734,-0.564420,0.074933,0.822079,0.165872,0.985855,0.024023,-0.808651,0.149919,-0.568866),fov=41.601593,dt=0.019292},
	{cf=CFrame.new(10.865070,-0.797592,-151.741028,-0.568048,0.081236,0.818975,0.151760,0.988391,0.007222,-0.808882,0.128390,-0.573783),fov=41.212704,dt=0.014528},
	{cf=CFrame.new(10.696758,-0.823174,-152.420471,-0.568163,0.085395,0.818472,0.133365,0.991008,-0.010818,-0.812037,0.103009,-0.574444),fov=40.707775,dt=0.017106},
	{cf=CFrame.new(10.534622,-0.849236,-153.076355,-0.553929,0.079171,0.828791,0.110971,0.993607,-0.020747,-0.825135,0.080480,-0.559173),fov=40.211536,dt=0.016572},
	{cf=CFrame.new(10.373093,-0.875351,-153.729980,-0.538066,0.072290,0.839796,0.087791,0.995703,-0.029461,-0.838318,0.057874,-0.542101),fov=39.696091,dt=0.016874},
	{cf=CFrame.new(10.211632,-0.901466,-154.383240,-0.521886,0.065710,0.850480,0.064180,0.997227,-0.037665,-0.850597,0.034927,-0.524657),fov=39.207561,dt=0.015880},
	{cf=CFrame.new(10.063946,-0.949181,-155.055054,-0.498958,0.062525,0.864367,0.043550,0.997943,-0.047048,-0.865531,0.014169,-0.500655),fov=38.696430,dt=0.016216},
	{cf=CFrame.new(9.958984,-1.063904,-155.784058,-0.454884,0.069285,0.887851,0.032649,0.997596,-0.061122,-0.889952,0.001184,-0.456053),fov=38.167007,dt=0.016636},
	{cf=CFrame.new(9.858295,-1.185333,-156.518738,-0.407689,0.077774,0.909802,0.021870,0.996912,-0.075421,-0.912859,-0.010851,-0.408132),fov=37.591763,dt=0.018112},
	{cf=CFrame.new(9.758034,-1.307426,-157.254028,-0.359353,0.087157,0.929122,0.010283,0.995938,-0.089447,-0.933145,-0.022589,-0.358790),fov=37.110935,dt=0.015620},
	{cf=CFrame.new(9.671268,-1.442085,-157.927185,-0.316506,0.098037,0.943510,-0.001735,0.994583,-0.103926,-0.948589,-0.034530,-0.314622),fov=36.551582,dt=0.017649},
	{cf=CFrame.new(9.626228,-1.615501,-158.407776,-0.292947,0.111637,0.949588,-0.012986,0.992604,-0.120700,-0.956041,-0.047691,-0.289331),fov=36.041157,dt=0.016448},
	{cf=CFrame.new(9.585361,-1.792786,-158.869141,-0.271481,0.125837,0.954181,-0.024550,0.990188,-0.137570,-0.962131,-0.060773,-0.265729),fov=35.705582,dt=0.016115},
	{cf=CFrame.new(9.544914,-1.970467,-159.328552,-0.250388,0.140421,0.957907,-0.036533,0.987350,-0.154286,-0.967456,-0.073627,-0.242091),fov=35.462070,dt=0.017256},
	{cf=CFrame.new(9.509598,-2.112625,-159.729065,-0.229314,0.152460,0.961338,-0.045323,0.984913,-0.167010,-0.972297,-0.081869,-0.218944),fov=35.302784,dt=0.017236},
	{cf=CFrame.new(9.490067,-2.144516,-159.947449,-0.207630,0.155586,0.965754,-0.043052,0.984860,-0.167919,-0.977260,-0.076443,-0.197788),fov=35.203644,dt=0.016371},
	{cf=CFrame.new(9.472115,-2.165367,-160.147644,-0.185788,0.157683,0.969855,-0.039622,0.985035,-0.167741,-0.981791,-0.069592,-0.176760),fov=35.137764,dt=0.016176},
	{cf=CFrame.new(9.454315,-2.185127,-160.346069,-0.163851,0.159550,0.973496,-0.036037,0.985207,-0.167535,-0.985827,-0.062533,-0.155677),fov=35.092762,dt=0.016334},
	{cf=CFrame.new(9.440514,-2.200356,-160.583435,-0.145692,0.162327,0.975921,-0.042680,0.984498,-0.170125,-0.988409,-0.066439,-0.136505),fov=35.062111,dt=0.016522},
	{cf=CFrame.new(9.439045,-2.201859,-160.942688,-0.139956,0.168491,0.975716,-0.081204,0.980143,-0.180903,-0.986823,-0.104550,-0.123495),fov=35.040775,dt=0.017176},
	{cf=CFrame.new(9.438805,-2.201981,-161.314209,-0.136269,0.175161,0.975063,-0.122847,0.973661,-0.192077,-0.983026,-0.145958,-0.111161),fov=35.027134,dt=0.016728},
	{cf=CFrame.new(9.438694,-2.201973,-161.686768,-0.133591,0.181989,0.974183,-0.164642,0.965259,-0.202900,-0.977265,-0.187497,-0.098987),fov=35.018425,dt=0.016045},
	{cf=CFrame.new(9.409943,-2.201942,-162.104736,-0.124615,0.187456,0.974336,-0.188793,0.959571,-0.208761,-0.974078,-0.209962,-0.084186),fov=35.011803,dt=0.017963},
	{cf=CFrame.new(9.292339,-2.201942,-162.662598,-0.093839,0.187755,0.977723,-0.158321,0.966745,-0.200842,-0.982919,-0.173641,-0.060992),fov=35.007973,dt=0.016233},
	{cf=CFrame.new(9.165855,-2.201927,-163.234375,-0.061242,0.186159,0.980609,-0.121523,0.973754,-0.192447,-0.990698,-0.130953,-0.037012),fov=35.005352,dt=0.016438},
	{cf=CFrame.new(9.038475,-2.201912,-163.807617,-0.028921,0.183059,0.982676,-0.083332,0.979224,-0.184868,-0.996102,-0.087235,-0.013066),fov=35.003586,dt=0.016485},
	{cf=CFrame.new(8.932224,-2.208168,-164.315308,-0.004800,0.174736,0.984603,-0.049324,0.983375,-0.174759,-0.998772,-0.049403,0.003898),fov=35.002388,dt=0.016705},
	{cf=CFrame.new(8.891766,-2.233826,-164.619446,-0.004991,0.154081,0.988045,-0.030475,0.987575,-0.154162,-0.999523,-0.030880,-0.000233),fov=35.001530,dt=0.017879},
	{cf=CFrame.new(8.857887,-2.261436,-164.903198,-0.008165,0.132247,0.991183,-0.013212,0.991115,-0.132346,-0.999880,-0.014176,-0.006345),fov=35.001057,dt=0.015592},
	{cf=CFrame.new(8.824661,-2.289223,-165.184998,-0.012179,0.110325,0.993820,0.003814,0.993892,-0.110287,-0.999919,0.002447,-0.012525),fov=35.000683,dt=0.017758},
	{cf=CFrame.new(8.787453,-2.304535,-165.452515,-0.007721,0.093793,0.995561,0.017779,0.995447,-0.093644,-0.999812,0.016977,-0.009353),fov=35.000469,dt=0.015529},
	{cf=CFrame.new(8.737644,-2.281052,-165.677002,0.024705,0.093729,0.995291,0.022593,0.995288,-0.094290,-0.999440,0.024816,0.022471),fov=35.000317,dt=0.016218},
	{cf=CFrame.new(8.686584,-2.253693,-165.897095,0.059907,0.095106,0.993662,0.026455,0.994950,-0.096825,-0.997854,0.032088,0.057089),fov=35.000202,dt=0.017503},
	{cf=CFrame.new(8.635395,-2.225937,-166.116760,0.095314,0.096427,0.990765,0.030176,0.994560,-0.099700,-0.994990,0.039400,0.091886),fov=35.000134,dt=0.016690},
	{cf=CFrame.new(8.583130,-2.204391,-166.409668,0.129466,0.099704,0.986558,0.032368,0.993977,-0.104702,-0.991056,0.045488,0.125459),fov=35.000088,dt=0.016921},
	{cf=CFrame.new(8.527573,-2.202225,-166.929871,0.159841,0.109628,0.981036,0.029775,0.992827,-0.115797,-0.986694,0.047719,0.155430),fov=35.000061,dt=0.015536},
	{cf=CFrame.new(8.471680,-2.201988,-167.472839,0.189639,0.120245,0.974462,0.026368,0.991491,-0.127478,-0.981500,0.049870,0.184855),fov=35.000042,dt=0.017007},
	{cf=CFrame.new(8.415752,-2.201942,-168.018066,0.219151,0.130944,0.966864,0.022553,0.990009,-0.139191,-0.975430,0.052310,0.214008),fov=35.000027,dt=0.016591},
	{cf=CFrame.new(8.372398,-2.201912,-168.495972,0.243153,0.142839,0.959413,0.018362,0.988243,-0.151785,-0.969814,0.054523,0.237672),fov=35.000019,dt=0.015993},
	{cf=CFrame.new(8.368023,-2.201897,-168.764893,0.250746,0.158409,0.955004,0.013926,0.985828,-0.167178,-0.967953,0.055218,0.244986),fov=35.000011,dt=0.017703},
	{cf=CFrame.new(8.367550,-2.201897,-169.012756,0.256573,0.174329,0.950673,0.009392,0.983103,-0.182811,-0.966479,0.055833,0.250601),fov=35.000008,dt=0.016258},
	{cf=CFrame.new(8.367466,-2.201881,-169.258545,0.262092,0.190260,0.946101,0.004770,0.980106,-0.198420,-0.965031,0.056517,0.255971),fov=35.000000,dt=0.019145},
	{cf=CFrame.new(8.355858,-2.196945,-169.487488,0.264420,0.202454,0.942918,0.000118,0.977710,-0.209958,-0.964408,0.055628,0.258502),fov=35.000000,dt=0.014042},
	{cf=CFrame.new(8.308388,-2.176689,-169.664673,0.257282,0.203103,0.944751,-0.004389,0.977899,-0.209034,-0.966327,0.049634,0.252488),fov=35.000000,dt=0.017120},
	{cf=CFrame.new(8.257336,-2.154922,-169.836670,0.249182,0.202551,0.947038,-0.008888,0.978321,-0.206903,-0.968416,0.043139,0.245581),fov=34.928123,dt=0.016532},
	{cf=CFrame.new(8.205921,-2.132988,-170.008118,0.240968,0.201831,0.949314,-0.013395,0.978736,-0.204687,-0.970441,0.036606,0.238548),fov=34.801979,dt=0.017380},
	{cf=CFrame.new(8.154469,-2.111053,-170.179626,0.232725,0.201049,0.951534,-0.017911,0.979119,-0.202497,-0.972378,0.030083,0.231467),fov=34.646690,dt=0.017096},
	{cf=CFrame.new(8.096901,-2.094040,-170.392029,0.222767,0.199564,0.954226,-0.020506,0.979566,-0.200077,-0.974656,0.025004,0.222308),fov=34.470997,dt=0.017016},
	{cf=CFrame.new(8.020363,-2.092323,-170.731567,0.207496,0.196049,0.958389,-0.017152,0.980290,-0.196816,-0.978086,0.024400,0.206769),fov=34.310246,dt=0.014405},
	{cf=CFrame.new(7.941925,-2.092140,-171.083923,0.191619,0.192350,0.962436,-0.013264,0.981025,-0.193425,-0.981380,0.024298,0.190534),fov=34.102844,dt=0.016873},
	{cf=CFrame.new(7.863300,-2.092110,-171.437439,0.175613,0.188651,0.966214,-0.009382,0.981744,-0.189978,-0.984415,0.024298,0.174177),fov=33.886135,dt=0.017348},
	{cf=CFrame.new(7.784657,-2.092102,-171.791077,0.159531,0.184970,0.969708,-0.005560,0.982442,-0.186485,-0.987177,0.024359,0.157759),fov=33.673386,dt=0.017013},
	{cf=CFrame.new(7.688313,-2.092087,-172.224426,0.139741,0.180492,0.973598,-0.000968,0.983271,-0.182146,-0.990188,0.024510,0.137579),fov=33.450172,dt=0.017718},
	{cf=CFrame.new(7.619247,-2.092064,-172.557617,0.124529,0.176854,0.976327,0.002812,0.983920,-0.178588,-0.992212,0.024985,0.122030),fov=33.255066,dt=0.015631},
	{cf=CFrame.new(7.516174,-2.092041,-173.114014,0.099179,0.170328,0.980383,0.009745,0.985028,-0.172121,-0.995022,0.026624,0.096035),fov=33.055271,dt=0.015455},
	{cf=CFrame.new(7.409698,-2.092010,-173.692627,0.072680,0.163613,0.983843,0.016793,0.986112,-0.165230,-0.997214,0.028531,0.068923),fov=32.811111,dt=0.018386},
	{cf=CFrame.new(7.302883,-2.091988,-174.273499,0.045954,0.156981,0.986531,0.023655,0.987127,-0.158177,-0.998664,0.030606,0.041649),fov=32.613461,dt=0.015509},
	{cf=CFrame.new(7.196037,-2.091965,-174.854553,0.019114,0.150463,0.988430,0.030299,0.988070,-0.150994,-0.999358,0.032834,0.014327),fov=32.356133,dt=0.019585},
	{cf=CFrame.new(7.100079,-2.069046,-175.418213,-0.008032,0.141685,0.989879,0.033730,0.989386,-0.141340,-0.999399,0.032253,-0.012726),fov=30.869564,dt=0.084375},
	{cf=CFrame.new(6.888027,-1.695900,-177.242554,-0.107563,0.078675,0.991080,0.010910,0.996897,-0.077952,-0.994139,0.002428,-0.108088),fov=30.821514,dt=0.011051},
	{cf=CFrame.new(6.845402,-1.549446,-177.703125,-0.128276,0.056449,0.990130,0.019730,0.998326,-0.054360,-0.991542,0.012562,-0.129176),fov=30.781891,dt=0.011699},
	{cf=CFrame.new(6.825077,-1.452942,-177.957825,-0.138734,0.042563,0.989414,0.028997,0.998822,-0.038902,-0.989905,0.023293,-0.139805),fov=30.715868,dt=0.009510},
	{cf=CFrame.new(6.806984,-1.361443,-178.191956,-0.148345,0.029630,0.988491,0.038178,0.998978,-0.024214,-0.988199,0.034146,-0.149324),fov=30.575085,dt=0.014121},
	{cf=CFrame.new(6.783756,-1.243141,-178.493469,-0.160989,0.013137,0.986868,0.049871,0.998742,-0.005160,-0.985696,0.048385,-0.161442),fov=30.394505,dt=0.015701},
	{cf=CFrame.new(6.772221,-1.183548,-178.648010,-0.169186,0.003224,0.985578,0.056616,0.998375,0.006453,-0.983957,0.056891,-0.169094),fov=30.260685,dt=0.016961},
	{cf=CFrame.new(6.765930,-1.150314,-178.736572,-0.175318,-0.003739,0.984504,0.061157,0.998020,0.014681,-0.982611,0.062783,-0.174743),fov=30.174471,dt=0.016536},
	{cf=CFrame.new(6.760159,-1.119713,-178.818481,-0.181285,-0.010365,0.983375,0.065430,0.997602,0.022577,-0.981252,0.068435,-0.180172),fov=30.112036,dt=0.017893},
	{cf=CFrame.new(6.754436,-1.089371,-178.899841,-0.187276,-0.016915,0.982161,0.069625,0.997108,0.030448,-0.979837,0.074085,-0.185557),fov=30.076181,dt=0.016003},
	{cf=CFrame.new(6.754749,-1.079506,-178.958862,-0.187882,-0.016293,0.982056,0.068665,0.997198,0.029681,-0.979789,0.073009,-0.186237),fov=30.050631,dt=0.016769},
	{cf=CFrame.new(6.757679,-1.078506,-179.008179,-0.186160,-0.012567,0.982438,0.065477,0.997537,0.025167,-0.980336,0.069012,-0.184878),fov=30.032553,dt=0.017851},
	{cf=CFrame.new(6.760860,-1.078407,-179.056641,-0.184228,-0.008520,0.982846,0.062054,0.997867,0.020282,-0.980923,0.064726,-0.183307),fov=30.022104,dt=0.016048},
	{cf=CFrame.new(6.764076,-1.078384,-179.104919,-0.182298,-0.004429,0.983233,0.058597,0.998164,0.015361,-0.981496,0.060415,-0.181704),fov=30.015299,dt=0.015392},
	{cf=CFrame.new(6.765076,-1.087616,-179.124451,-0.180554,0.002806,0.983560,0.056777,0.998358,0.007575,-0.981925,0.057211,-0.180417),fov=30.010294,dt=0.016356},
	{cf=CFrame.new(6.765118,-1.100861,-179.131470,-0.178914,0.011408,0.983798,0.055658,0.998449,-0.001456,-0.982289,0.054496,-0.179272),fov=30.006624,dt=0.017816},
	{cf=CFrame.new(6.765060,-1.114494,-179.137207,-0.177316,0.020154,0.983947,0.054596,0.998452,-0.010612,-0.982639,0.051837,-0.178142),fov=30.004358,dt=0.017122},
	{cf=CFrame.new(6.764996,-1.128181,-179.142822,-0.175755,0.028921,0.984008,0.053526,0.998370,-0.019782,-0.982978,0.049193,-0.177017),fov=30.003040,dt=0.015127},
	{cf=CFrame.new(6.764931,-1.141869,-179.148438,-0.174230,0.037695,0.983983,0.052443,0.998204,-0.028954,-0.983308,0.046558,-0.175894),fov=30.002024,dt=0.016731},
	{cf=CFrame.new(6.764866,-1.155548,-179.153992,-0.172742,0.046475,0.983869,0.051346,0.997953,-0.038125,-0.983628,0.043932,-0.174774),fov=30.001299,dt=0.017947},
	{cf=CFrame.new(6.764790,-1.168350,-179.155762,-0.170692,0.054408,0.983820,0.048852,0.997714,-0.046701,-0.984113,0.040091,-0.172960),fov=30.000866,dt=0.016634},
	{cf=CFrame.new(6.764713,-1.180779,-179.155823,-0.168430,0.061984,0.983762,0.045739,0.997437,-0.055015,-0.984652,0.035730,-0.170834),fov=30.000568,dt=0.017129},
	{cf=CFrame.new(6.764637,-1.193161,-179.155762,-0.166190,0.069535,0.983639,0.042545,0.997087,-0.063297,-0.985176,0.031330,-0.168664),fov=30.000393,dt=0.015502},
	{cf=CFrame.new(6.764557,-1.205544,-179.155640,-0.163996,0.077093,0.983443,0.039325,0.996660,-0.071572,-0.985677,0.026937,-0.166480),fov=30.000259,dt=0.016945},
	{cf=CFrame.new(6.776531,-1.220306,-179.154724,-0.162530,0.084436,0.983084,0.037874,0.996131,-0.079295,-0.985977,0.024345,-0.165099),fov=30.000174,dt=0.016652},
	{cf=CFrame.new(6.793728,-1.236115,-179.153442,-0.161387,0.091683,0.982623,0.037188,0.995533,-0.086780,-0.986191,0.022537,-0.164075),fov=30.000113,dt=0.016838},
	{cf=CFrame.new(6.811455,-1.252014,-179.152039,-0.160295,0.098919,0.982099,0.036573,0.994878,-0.094237,-0.986392,0.020812,-0.163092),fov=30.000080,dt=0.015999},
	{cf=CFrame.new(6.829227,-1.267929,-179.150757,-0.159228,0.106154,0.981518,0.035957,0.994166,-0.101689,-0.986587,0.019101,-0.162116),fov=30.000050,dt=0.017188},
	{cf=CFrame.new(6.847008,-1.283844,-179.149414,-0.158184,0.113387,0.980877,0.035336,0.993399,-0.109135,-0.986777,0.017397,-0.161146),fov=30.000032,dt=0.017870},
	{cf=CFrame.new(6.851952,-1.289017,-179.157104,-0.156356,0.112499,0.981272,0.035114,0.993497,-0.108306,-0.987077,0.017522,-0.159290),fov=30.000023,dt=0.014368},
	{cf=CFrame.new(6.851326,-1.289520,-179.168823,-0.154188,0.108085,0.982111,0.035076,0.993971,-0.103883,-0.987419,0.018431,-0.157049),fov=30.000017,dt=0.016510},
	{cf=CFrame.new(6.832333,-1.286674,-179.167664,-0.148677,0.104081,0.983393,0.036058,0.994355,-0.099790,-0.988228,0.020623,-0.151591),fov=30.000011,dt=0.017058},
	{cf=CFrame.new(6.805553,-1.282547,-179.160889,-0.141729,0.100352,0.984805,0.037500,0.994678,-0.095961,-0.989195,0.023330,-0.144738),fov=30.000006,dt=0.016490},
	{cf=CFrame.new(6.778000,-1.278282,-179.153503,-0.134642,0.096624,0.986171,0.039017,0.994979,-0.092160,-0.990126,0.026069,-0.137736),fov=30.000004,dt=0.017106},
	{cf=CFrame.new(6.735073,-1.279465,-179.135742,-0.124519,0.093241,0.987826,0.040492,0.995223,-0.088835,-0.991391,0.028937,-0.127700),fov=30.000000,dt=0.016313},
	{cf=CFrame.new(6.685509,-1.283012,-179.113403,-0.113079,0.089977,0.989503,0.041974,0.995435,-0.085720,-0.992699,0.031840,-0.116340),fov=30.000000,dt=0.018073},
	{cf=CFrame.new(6.635277,-1.286804,-179.090759,-0.101501,0.086686,0.991051,0.043497,0.995630,-0.082632,-0.993884,0.034720,-0.104828),fov=30.000000,dt=0.017262},
	{cf=CFrame.new(6.584980,-1.290611,-179.067993,-0.089906,0.083353,0.992455,0.045063,0.995812,-0.079553,-0.994931,0.037571,-0.093286),fov=30.000000,dt=0.016007},
	{cf=CFrame.new(6.534679,-1.294426,-179.045227,-0.078307,0.079978,0.993715,0.046673,0.995978,-0.076482,-0.995836,0.040391,-0.081725),fov=30.000000,dt=0.015597},
	{cf=CFrame.new(6.484375,-1.298233,-179.022400,-0.066706,0.076560,0.994830,0.048327,0.996130,-0.073419,-0.996602,0.043180,-0.070148),fov=30.000000,dt=0.018174},
	{cf=CFrame.new(6.418774,-1.307510,-178.989258,-0.052062,0.073441,0.995939,0.049949,0.996235,-0.070852,-0.997394,0.046057,-0.055535),fov=30.000000,dt=0.015735},
	{cf=CFrame.new(6.346542,-1.319153,-178.951599,-0.036095,0.070417,0.996864,0.051586,0.996316,-0.068510,-0.998016,0.048951,-0.039595),fov=30.000000,dt=0.017357},
	{cf=CFrame.new(6.273640,-1.331032,-178.913513,-0.019995,0.067351,0.997528,0.053269,0.996383,-0.066206,-0.998380,0.051813,-0.023510),fov=30.000000,dt=0.017018},
	{cf=CFrame.new(6.204750,-1.351173,-178.875610,-0.006461,0.064274,0.997911,0.053855,0.996506,-0.063834,-0.998528,0.053331,-0.009900),fov=30.000000,dt=0.015351},
	{cf=CFrame.new(6.137615,-1.374893,-178.837769,0.005954,0.061190,0.998108,0.053982,0.996651,-0.061423,-0.998524,0.054245,0.002631),fov=30.000000,dt=0.016645},
	{cf=CFrame.new(6.070660,-1.398964,-178.799927,0.018255,0.058090,0.998144,0.054091,0.996791,-0.059000,-0.998369,0.055068,0.015054),fov=30.000000,dt=0.019319},
	{cf=CFrame.new(6.003716,-1.423080,-178.762146,0.030539,0.054971,0.998020,0.054229,0.996925,-0.056570,-0.998062,0.055849,0.027464),fov=30.000000,dt=0.013164},
	{cf=CFrame.new(5.873974,-1.434273,-178.696411,0.047340,0.052558,0.997495,0.049190,0.997281,-0.054881,-0.997667,0.051665,0.044626),fov=30.000000,dt=0.016708},
	{cf=CFrame.new(5.716991,-1.439857,-178.618530,0.066089,0.050554,0.996531,0.041893,0.997695,-0.053391,-0.996934,0.045276,0.063819),fov=30.000000,dt=0.016410},
	{cf=CFrame.new(5.557285,-1.444870,-178.539429,0.085010,0.048703,0.995188,0.034364,0.998067,-0.051779,-0.995788,0.038601,0.083172),fov=30.000000,dt=0.018847},
	{cf=CFrame.new(5.397308,-1.449844,-178.460266,0.103919,0.046979,0.993475,0.026811,0.998389,-0.050016,-0.994224,0.031833,0.102492),fov=30.000000,dt=0.014837},
	{cf=CFrame.new(5.237297,-1.454811,-178.381104,0.122791,0.045381,0.991394,0.019256,0.998657,-0.048099,-0.992246,0.024996,0.121752),fov=30.000000,dt=0.016703},
	{cf=CFrame.new(5.077290,-1.459755,-178.301819,0.141615,0.043911,0.988947,0.011705,0.998872,-0.046028,-0.989853,0.018093,0.140941),fov=30.000000,dt=0.016686},
	{cf=CFrame.new(4.927223,-1.453415,-178.212769,0.160924,0.043647,0.986001,0.002136,0.999004,-0.044571,-0.986965,0.009279,0.160671),fov=30.000000,dt=0.017083},
	{cf=CFrame.new(4.781467,-1.442184,-178.119385,0.180381,0.044035,0.982610,-0.008328,0.999030,-0.043243,-0.983562,-0.000383,0.180573),fov=30.000000,dt=0.016454},
	{cf=CFrame.new(4.636150,-1.430458,-178.025513,0.199757,0.044669,0.978826,-0.018899,0.998950,-0.041731,-0.979663,-0.010163,0.200392),fov=30.000000,dt=0.016919},
	{cf=CFrame.new(4.490868,-1.418663,-177.931580,0.219021,0.045507,0.974658,-0.029494,0.998764,-0.040005,-0.975274,-0.019984,0.220093),fov=30.000000,dt=0.017006},
	{cf=CFrame.new(4.345596,-1.406883,-177.837646,0.238162,0.046546,0.970109,-0.040099,0.998470,-0.038063,-0.970398,-0.029835,0.239664),fov=30.154943,dt=0.017044},
	{cf=CFrame.new(4.200321,-1.395103,-177.743774,0.257170,0.047786,0.965184,-0.050708,0.998068,-0.035903,-0.965035,-0.039709,0.259096),fov=30.399191,dt=0.016194},
	{cf=CFrame.new(4.084881,-1.349403,-177.619934,0.277461,0.052790,0.959285,-0.067682,0.997082,-0.035294,-0.958350,-0.055134,0.280225),fov=30.733738,dt=0.017344},
	{cf=CFrame.new(3.982372,-1.289001,-177.483337,0.298040,0.059723,0.952683,-0.087475,0.995550,-0.035044,-0.950537,-0.072891,0.301938),fov=31.092087,dt=0.016522},
	{cf=CFrame.new(3.881161,-1.227150,-177.345276,0.318291,0.067230,0.945606,-0.107600,0.993598,-0.034424,-0.941867,-0.090790,0.323487),fov=31.485783,dt=0.016673},
	{cf=CFrame.new(3.780071,-1.165138,-177.207153,0.338137,0.075166,0.938089,-0.127792,0.991240,-0.033362,-0.932380,-0.108599,0.344781),fov=31.894243,dt=0.016450},
	{cf=CFrame.new(3.678997,-1.103111,-177.069092,0.357555,0.083512,0.930150,-0.148007,0.988473,-0.031854,-0.922089,-0.126280,0.365795),fov=32.305981,dt=0.015989},
	{cf=CFrame.new(3.577927,-1.041092,-176.930908,0.376527,0.092258,0.921799,-0.168226,0.985295,-0.029898,-0.911004,-0.143813,0.386511),fov=32.763317,dt=0.017188},
	{cf=CFrame.new(3.488132,-0.956833,-176.782288,0.398091,0.103181,0.911524,-0.188256,0.981695,-0.028907,-0.897821,-0.160092,0.410229),fov=33.223106,dt=0.017317},
	{cf=CFrame.new(3.403221,-0.862938,-176.629028,0.420366,0.115312,0.899997,-0.208232,0.977678,-0.028005,-0.883138,-0.175636,0.434995),fov=33.657589,dt=0.016428},
	{cf=CFrame.new(3.318798,-0.768082,-176.475464,0.442106,0.127956,0.887789,-0.228211,0.973248,-0.026628,-0.867446,-0.190831,0.459480),fov=34.094944,dt=0.016290},
	{cf=CFrame.new(3.234425,-0.673141,-176.321777,0.463163,0.141031,0.874979,-0.248176,0.968399,-0.024718,-0.850816,-0.205701,0.483528),fov=34.545128,dt=0.016556},
	{cf=CFrame.new(3.150059,-0.578178,-176.168091,0.483502,0.154515,0.861597,-0.268106,0.963132,-0.022272,-0.833274,-0.220231,0.507103),fov=35.011402,dt=0.017093},
	{cf=CFrame.new(3.065689,-0.483231,-176.014465,0.503096,0.168395,0.847665,-0.287974,0.957444,-0.019288,-0.814840,-0.234402,0.530180),fov=35.472237,dt=0.017040},
	{cf=CFrame.new(2.972698,-0.388634,-175.870178,0.524411,0.181565,0.831881,-0.303489,0.952690,-0.016616,-0.795542,-0.243754,0.554705),fov=37.727272,dt=0.050838},
	{cf=CFrame.new(2.677845,-0.252975,-175.664795,0.583221,0.196617,0.788158,-0.297756,0.954477,-0.017774,-0.755774,-0.224313,0.615215),fov=37.727272,dt=0.007167},
	{cf=CFrame.new(2.531155,-0.192772,-175.573364,0.611077,0.202351,0.765270,-0.292664,0.956025,-0.019094,-0.735481,-0.212300,0.643426),fov=37.847786,dt=0.013256},
	{cf=CFrame.new(2.457886,-0.163429,-175.528809,0.624688,0.204900,0.753512,-0.289893,0.956853,-0.019863,-0.725071,-0.206030,0.657134),fov=38.014393,dt=0.010564},
	{cf=CFrame.new(2.333355,-0.113831,-175.453430,0.647359,0.208934,0.732988,-0.285126,0.958253,-0.021327,-0.706845,-0.195188,0.679907),fov=38.378193,dt=0.016897},
	{cf=CFrame.new(2.203693,-0.062225,-175.375061,0.670334,0.212807,0.710889,-0.280218,0.959660,-0.023045,-0.687116,-0.183756,0.702926),fov=38.763412,dt=0.016501},
	{cf=CFrame.new(2.063560,-0.031364,-175.324524,0.694157,0.212225,0.687827,-0.267099,0.963272,-0.027655,-0.668434,-0.164521,0.725348),fov=39.208141,dt=0.017982},
	{cf=CFrame.new(1.919060,-0.009567,-175.286194,0.717853,0.209162,0.664031,-0.250478,0.967526,-0.033980,-0.649575,-0.141932,0.746932),fov=39.465069,dt=0.016223},
	{cf=CFrame.new(1.774120,0.011345,-175.249146,0.740814,0.205155,0.639613,-0.233597,0.971467,-0.041039,-0.629783,-0.119009,0.767600),fov=39.638668,dt=0.016227},
	{cf=CFrame.new(1.703297,0.008736,-175.227478,0.755014,0.200893,0.624175,-0.218463,0.974593,-0.049419,-0.618245,-0.099047,0.779720),fov=39.762604,dt=0.017150},
	{cf=CFrame.new(1.664577,-0.004021,-175.212524,0.765462,0.196497,0.612744,-0.204108,0.977205,-0.058394,-0.610251,-0.080368,0.788121),fov=39.838760,dt=0.016040},
	{cf=CFrame.new(1.629070,-0.017792,-175.198242,0.775350,0.191846,0.601686,-0.189880,0.979476,-0.067619,-0.602310,-0.061820,0.795865),fov=39.892490,dt=0.016662},
	{cf=CFrame.new(1.593884,-0.031670,-175.184021,0.784986,0.186926,0.590639,-0.175720,0.981419,-0.077060,-0.594069,-0.043297,0.803248),fov=39.929031,dt=0.016995},
	{cf=CFrame.new(1.558723,-0.045555,-175.169800,0.794398,0.181735,0.579571,-0.161630,0.983035,-0.086707,-0.585497,-0.024796,0.810296),fov=39.950974,dt=0.015459},
	{cf=CFrame.new(1.523575,-0.059433,-175.155518,0.803585,0.176278,0.568486,-0.147616,0.984320,-0.096557,-0.576593,-0.006326,0.817007),fov=39.968071,dt=0.017435},
	{cf=CFrame.new(1.500530,-0.073593,-175.145569,0.810423,0.171074,0.560310,-0.135824,0.985222,-0.104355,-0.569883,0.008468,0.821683),fov=39.980190,dt=0.018980},
	{cf=CFrame.new(1.482719,-0.087883,-175.137451,0.816208,0.165952,0.553411,-0.124997,0.985896,-0.111288,-0.564074,0.021659,0.825441),fov=39.986366,dt=0.015584},
	{cf=CFrame.new(1.465435,-0.102188,-175.129517,0.821786,0.160735,0.546654,-0.114296,0.986389,-0.118212,-0.558214,0.034665,0.828973),fov=39.990601,dt=0.015530},
	{cf=CFrame.new(1.448208,-0.116486,-175.121582,0.827259,0.155403,0.539900,-0.103652,0.986704,-0.125189,-0.552177,0.047602,0.832368),fov=39.993870,dt=0.017367},
	{cf=CFrame.new(1.430981,-0.130791,-175.113708,0.832621,0.149955,0.533156,-0.093053,0.986840,-0.132239,-0.545970,0.060493,0.835619),fov=39.995895,dt=0.016520},
	{cf=CFrame.new(1.413757,-0.145096,-175.105774,0.837866,0.144395,0.526431,-0.082495,0.986798,-0.139370,-0.539606,0.073346,0.838717),fov=39.997284,dt=0.016894},
	{cf=CFrame.new(1.408508,-0.156708,-175.102905,0.840729,0.139967,0.523052,-0.075141,0.986824,-0.143293,-0.536217,0.081168,0.840169),fov=39.998177,dt=0.016433},
	{cf=CFrame.new(1.408440,-0.167152,-175.102173,0.842568,0.136047,0.521124,-0.069164,0.986891,-0.145815,-0.534131,0.086816,0.840933),fov=39.998802,dt=0.017198},
	{cf=CFrame.new(1.408894,-0.177490,-175.101624,0.844279,0.132165,0.519350,-0.063326,0.986927,-0.148208,-0.532149,0.092240,0.841612),fov=39.999191,dt=0.016143},
	{cf=CFrame.new(1.409397,-0.187813,-175.101135,0.845952,0.128274,0.517601,-0.057505,0.986921,-0.150598,-0.530149,0.097634,0.842265),fov=39.999462,dt=0.017085},
	{cf=CFrame.new(1.409904,-0.198135,-175.100647,0.847594,0.124370,0.515863,-0.051689,0.986874,-0.152998,-0.528120,0.103016,0.842898),fov=39.999645,dt=0.016747},
	{cf=CFrame.new(1.410408,-0.208458,-175.100159,0.849209,0.120451,0.514135,-0.045876,0.986784,-0.155409,-0.526060,0.108389,0.843512),fov=39.999763,dt=0.016489},
	{cf=CFrame.new(1.415390,-0.216354,-175.101868,0.849868,0.117256,0.513785,-0.041744,0.986848,-0.156168,-0.525340,0.111275,0.843586),fov=39.999844,dt=0.016605},
	{cf=CFrame.new(1.422295,-0.223206,-175.104614,0.850113,0.114376,0.514028,-0.038337,0.986980,-0.156209,-0.525203,0.113089,0.843430),fov=39.999897,dt=0.016872},
	{cf=CFrame.new(1.429394,-0.229958,-175.107483,0.850308,0.111527,0.514332,-0.035002,0.987109,-0.156177,-0.525120,0.114796,0.843251),fov=39.999931,dt=0.017566},
	{cf=CFrame.new(1.448578,-0.231041,-175.118530,0.848576,0.109648,0.517586,-0.033379,0.987435,-0.154460,-0.528019,0.113794,0.841574),fov=39.983257,dt=0.024059},
	{cf=CFrame.new(1.484215,-0.228943,-175.140198,0.844784,0.107535,0.524190,-0.032151,0.988030,-0.150874,-0.534140,0.110603,0.838130),fov=39.962482,dt=0.019711},
	{cf=CFrame.new(1.504639,-0.227631,-175.152588,0.842574,0.106351,0.527974,-0.031508,0.988364,-0.148806,-0.537657,0.108745,0.836122),fov=39.952351,dt=0.007600},
	{cf=CFrame.new(1.523540,-0.226395,-175.164124,0.840512,0.105255,0.531469,-0.030928,0.988670,-0.146888,-0.540908,0.107024,0.834245),fov=39.929398,dt=0.012579},
	{cf=CFrame.new(1.547913,-0.224800,-175.178833,0.837832,0.103833,0.535961,-0.030194,0.989057,-0.144412,-0.545091,0.104811,0.831800),fov=39.894062,dt=0.017151},
	{cf=CFrame.new(1.572826,-0.223175,-175.194031,0.835069,0.102368,0.540536,-0.029456,0.989446,-0.141878,-0.549356,0.102556,0.829271),fov=39.859066,dt=0.017090},
	{cf=CFrame.new(1.606743,-0.219086,-175.215576,0.830979,0.101091,0.547040,-0.028915,0.989870,-0.139002,-0.555551,0.099690,0.825485),fov=39.775387,dt=0.017360},
	{cf=CFrame.new(1.644527,-0.213936,-175.239868,0.826273,0.099878,0.554343,-0.028478,0.990302,-0.135979,-0.562549,0.096570,0.821105),fov=39.650684,dt=0.018841},
	{cf=CFrame.new(1.691730,-0.207321,-175.271484,0.820121,0.098509,0.563645,-0.027601,0.990733,-0.132990,-0.571523,0.093511,0.815241),fov=39.536720,dt=0.015001},
	{cf=CFrame.new(1.742867,-0.200111,-175.306213,0.813279,0.097048,0.573724,-0.026556,0.991156,-0.130014,-0.581268,0.090502,0.808664),fov=39.392456,dt=0.016412},
	{cf=CFrame.new(1.794399,-0.192841,-175.341309,0.806255,0.095549,0.583799,-0.025527,0.991570,-0.127033,-0.591016,0.087518,0.801898),fov=39.240662,dt=0.016188},
	{cf=CFrame.new(1.863754,-0.183502,-175.391357,0.796255,0.093479,0.597694,-0.023180,0.991978,-0.124265,-0.604517,0.085092,0.792035),fov=39.083542,dt=0.016011},
	{cf=CFrame.new(1.949100,-0.172272,-175.456238,0.783323,0.090800,0.614946,-0.019533,0.992381,-0.121650,-0.621307,0.083280,0.779129),fov=38.830173,dt=0.017706},
	{cf=CFrame.new(2.038803,-0.160530,-175.525330,0.769252,0.087926,0.632866,-0.015560,0.992770,-0.119017,-0.638756,0.081707,0.765059),fov=38.542465,dt=0.017043},
	{cf=CFrame.new(2.128941,-0.148735,-175.594788,0.754691,0.085017,0.650547,-0.011616,0.993145,-0.116313,-0.655976,0.080224,0.750506),fov=38.259594,dt=0.015074},
	{cf=CFrame.new(2.246380,-0.133057,-175.693542,0.734456,0.080954,0.673809,-0.005210,0.993503,-0.113684,-0.678635,0.079986,0.730107),fov=37.911011,dt=0.016801},
	{cf=CFrame.new(2.375603,-0.115715,-175.805054,0.711126,0.076441,0.698896,0.002182,0.993827,-0.110918,-0.703061,0.080401,0.706570),fov=37.550926,dt=0.016815},
	{cf=CFrame.new(2.506008,-0.098213,-175.917786,0.686678,0.071936,0.723393,0.009560,0.994112,-0.107932,-0.726898,0.081030,0.681948),fov=37.193550,dt=0.016355},
	{cf=CFrame.new(2.669533,-0.073395,-176.076172,0.653572,0.065968,0.753983,0.020017,0.994339,-0.104349,-0.756599,0.083293,0.648552),fov=36.794861,dt=0.016322},
	{cf=CFrame.new(2.847328,-0.045433,-176.254211,0.615546,0.059551,0.785847,0.031622,0.994472,-0.100130,-0.787466,0.086485,0.610261),fov=36.355652,dt=0.016780},
	{cf=CFrame.new(3.026550,-0.017166,-176.434265,0.575558,0.053325,0.816019,0.043083,0.994509,-0.095377,-0.816625,0.090052,0.570101),fov=35.888573,dt=0.017227},
	{cf=CFrame.new(3.187096,0.037422,-176.741516,0.515540,0.047118,0.855568,0.055269,0.994579,-0.088077,-0.855081,0.092693,0.510142),fov=35.402187,dt=0.016840},
	{cf=CFrame.new(3.339520,0.103371,-177.103699,0.444397,0.041166,0.894883,0.067195,0.994598,-0.079122,-0.893306,0.095294,0.439231),fov=34.886639,dt=0.017034},
	{cf=CFrame.new(3.491135,0.170433,-177.471436,0.369378,0.035622,0.928595,0.078329,0.994515,-0.069308,-0.925972,0.098337,0.364563),fov=34.391048,dt=0.015953},
	{cf=CFrame.new(3.642670,0.237625,-177.839600,0.291712,0.030539,0.956018,0.088574,0.994333,-0.058790,-0.952397,0.101828,0.287354),fov=33.790142,dt=0.018624},
	{cf=CFrame.new(3.794193,0.304832,-178.207825,0.212008,0.025954,0.976923,0.097881,0.994057,-0.047651,-0.972354,0.105725,0.208208),fov=33.321220,dt=0.014954},
	{cf=CFrame.new(3.945717,0.372040,-178.576172,0.130822,0.021900,0.991163,0.106208,0.993693,-0.035974,-0.985701,0.109976,0.127672),fov=32.726997,dt=0.017957},
	{cf=CFrame.new(4.047230,0.452576,-179.004456,0.039438,0.019110,0.999039,0.110822,0.993565,-0.023380,-0.993058,0.111638,0.037066),fov=32.185440,dt=0.016816},
	{cf=CFrame.new(4.091927,0.541054,-179.469727,-0.058469,0.017770,0.998131,0.110998,0.993758,-0.011190,-0.992100,0.110136,-0.060076),fov=31.687002,dt=0.015397},
	{cf=CFrame.new(4.023529,0.618042,-179.926086,-0.160669,0.019056,0.986824,0.106139,0.994349,-0.001920,-0.981285,0.104432,-0.161784),fov=31.151566,dt=0.016030},
	{cf=CFrame.new(3.912056,0.689560,-180.376221,-0.262811,0.020815,0.964622,0.099344,0.995037,0.005595,-0.959719,0.097300,-0.263575),fov=30.590452,dt=0.016854},
	{cf=CFrame.new(3.796276,0.760536,-180.825684,-0.362263,0.022066,0.931814,0.092036,0.995681,0.012203,-0.927521,0.090181,-0.362730),fov=30.027100,dt=0.017245},
	{cf=CFrame.new(3.680061,0.831451,-181.275085,-0.457765,0.022503,0.888787,0.083927,0.996309,0.018001,-0.885103,0.082834,-0.457965),fov=29.505375,dt=0.016304},
	{cf=CFrame.new(3.538795,0.893555,-181.690369,-0.544626,0.022419,0.838378,0.075792,0.996868,0.022578,-0.835247,0.075839,-0.544620),fov=28.933086,dt=0.017792},
	{cf=CFrame.new(3.386734,0.951866,-182.090820,-0.624554,0.021898,0.780674,0.067734,0.997359,0.026212,-0.778039,0.069249,-0.624388),fov=28.390991,dt=0.017309},
	{cf=CFrame.new(3.233593,1.009781,-182.489807,-0.698300,0.020940,0.715498,0.059707,0.997793,0.029069,-0.713310,0.063019,-0.698010),fov=27.923811,dt=0.015034},
	{cf=CFrame.new(3.042507,1.044136,-182.774109,-0.752446,0.020648,0.658329,0.054348,0.998047,0.030814,-0.656407,0.058964,-0.752099),fov=27.396753,dt=0.016506},
	{cf=CFrame.new(2.835079,1.068314,-183.009033,-0.796819,0.020635,0.603865,0.050151,0.998227,0.032064,-0.602133,0.055834,-0.796442),fov=26.888609,dt=0.016086},
	{cf=CFrame.new(2.626011,1.091476,-183.239014,-0.836799,0.020533,0.547124,0.046106,0.998390,0.033049,-0.545565,0.052881,-0.836399),fov=26.345547,dt=0.017171},
	{cf=CFrame.new(2.416775,1.114548,-183.468445,-0.872708,0.020147,0.487825,0.041893,0.998553,0.033706,-0.486440,0.049852,-0.872291),fov=25.873768,dt=0.016459},
	{cf=CFrame.new(2.207527,1.137596,-183.697815,-0.904422,0.019565,0.426189,0.037663,0.998709,0.034077,-0.424973,0.046871,-0.903992),fov=25.412569,dt=0.017001},
	{cf=CFrame.new(1.998268,1.160652,-183.927185,-0.931789,0.018861,0.362508,0.033524,0.998853,0.034201,-0.361447,0.044021,-0.931353),fov=24.975859,dt=0.016924},
	{cf=CFrame.new(1.838356,1.173012,-184.067810,-0.947236,0.018833,0.319981,0.031492,0.998911,0.034434,-0.318984,0.042694,-0.946798),fov=24.571423,dt=0.016198},
	{cf=CFrame.new(1.699738,1.180740,-184.170166,-0.957809,0.019117,0.286766,0.030344,0.998935,0.034755,-0.285797,0.041990,-0.957370),fov=24.151777,dt=0.016935},
	{cf=CFrame.new(1.563248,1.188026,-184.268677,-0.966953,0.019423,0.254212,0.029283,0.998956,0.035059,-0.253266,0.041344,-0.966513),fov=23.737080,dt=0.017076},
	{cf=CFrame.new(1.468491,1.191620,-184.332153,-0.972324,0.019650,0.232805,0.028634,0.998967,0.035272,-0.231872,0.040962,-0.971884),fov=23.374166,dt=0.017774},
	{cf=CFrame.new(1.391663,1.193642,-184.380737,-0.976146,0.019844,0.216202,0.028160,0.998975,0.035449,-0.215277,0.040691,-0.975705),fov=23.108765,dt=0.015090},
	{cf=CFrame.new(1.316628,1.195496,-184.427795,-0.979584,0.020032,0.200030,0.027702,0.998982,0.035616,-0.199113,0.040430,-0.979142),fov=22.831083,dt=0.016621},
	{cf=CFrame.new(1.241776,1.197327,-184.474670,-0.982745,0.020218,0.183855,0.027245,0.998988,0.035776,-0.182946,0.040168,-0.982302),fov=22.571894,dt=0.016636},
	{cf=CFrame.new(1.166943,1.199165,-184.521484,-0.985637,0.020400,0.167636,0.026787,0.998995,0.035929,-0.166735,0.039904,-0.985194),fov=22.323517,dt=0.016756},
	{cf=CFrame.new(1.092110,1.201004,-184.568420,-0.988261,0.020580,0.151375,0.026329,0.999002,0.036076,-0.150482,0.039638,-0.987818),fov=22.067179,dt=0.017947},
	{cf=CFrame.new(1.028107,1.202042,-184.607300,-0.990236,0.020698,0.137852,0.025920,0.999009,0.036197,-0.136966,0.039416,-0.989791),fov=21.893217,dt=0.016296},
	{cf=CFrame.new(0.968781,1.202721,-184.642700,-0.991875,0.020789,0.125504,0.025532,0.999015,0.036304,-0.124626,0.039214,-0.991429),fov=21.761633,dt=0.015098},
	{cf=CFrame.new(0.909924,1.203377,-184.677795,-0.993346,0.020877,0.113258,0.025147,0.999021,0.036407,-0.112387,0.039012,-0.992899),fov=21.632122,dt=0.017035},
	{cf=CFrame.new(0.881203,1.202759,-184.693420,-0.993931,0.020520,0.108070,0.024586,0.999034,0.036427,-0.107219,0.038863,-0.993476),fov=21.519352,dt=0.017266},
	{cf=CFrame.new(0.865463,1.201614,-184.700623,-0.994173,0.019972,0.105926,0.023950,0.999050,0.036411,-0.105098,0.038736,-0.993707),fov=21.423883,dt=0.016474},
	{cf=CFrame.new(0.851028,1.200409,-184.707092,-0.994378,0.019406,0.104086,0.023307,0.999066,0.036391,-0.103283,0.038613,-0.993902),fov=21.332886,dt=0.016837},
	{cf=CFrame.new(0.836720,1.199203,-184.713440,-0.994577,0.018838,0.102276,0.022664,0.999081,0.036370,-0.101497,0.038491,-0.994091),fov=21.273283,dt=0.015606},
	{cf=CFrame.new(0.822426,1.197998,-184.719788,-0.994772,0.018271,0.100468,0.022021,0.999097,0.036348,-0.099713,0.038370,-0.994276),fov=21.226000,dt=0.016524},
	{cf=CFrame.new(0.808132,1.196785,-184.726074,-0.994963,0.017704,0.098660,0.021380,0.999111,0.036324,-0.097929,0.038251,-0.994458),fov=21.188351,dt=0.017509},
	{cf=CFrame.new(0.802265,1.195930,-184.729004,-0.995010,0.016801,0.098340,0.020454,0.999133,0.036253,-0.097646,0.038084,-0.994493),fov=21.161715,dt=0.016324},
	{cf=CFrame.new(0.800034,1.195244,-184.730469,-0.994996,0.015753,0.098660,0.019405,0.999158,0.036162,-0.098008,0.037895,-0.994464),fov=21.138157,dt=0.017670},
	{cf=CFrame.new(0.798164,1.194572,-184.731689,-0.994974,0.014690,0.099043,0.018343,0.999181,0.036069,-0.098432,0.037705,-0.994429),fov=21.120214,dt=0.016364},
	{cf=CFrame.new(0.799313,1.196136,-184.731201,-0.994923,0.013553,0.099712,0.017217,0.999204,0.035975,-0.099145,0.037509,-0.994366),fov=21.108032,dt=0.016514},
	{cf=CFrame.new(0.801758,1.198677,-184.729919,-0.994859,0.012384,0.100502,0.016063,0.999227,0.035880,-0.099980,0.037310,-0.994290),fov=21.100128,dt=0.016000},
	{cf=CFrame.new(0.804321,1.201309,-184.728699,-0.994792,0.011211,0.101301,0.014905,0.999248,0.035786,-0.100824,0.037109,-0.994212),fov=21.094446,dt=0.016918},
	{cf=CFrame.new(0.807648,1.205032,-184.727051,-0.994753,0.010556,0.101749,0.014259,0.999260,0.035734,-0.101297,0.036997,-0.994168),fov=21.090834,dt=0.016252},
	{cf=CFrame.new(0.811295,1.209213,-184.725281,-0.994727,0.010125,0.102047,0.013834,0.999267,0.035700,-0.101611,0.036923,-0.994139),fov=21.088209,dt=0.017498},
	{cf=CFrame.new(0.814972,1.213440,-184.723572,-0.994703,0.009717,0.102328,0.013430,0.999273,0.035667,-0.101907,0.036853,-0.994111),fov=21.086643,dt=0.016063},
	{cf=CFrame.new(0.818653,1.217674,-184.721802,-0.994678,0.009310,0.102608,0.013029,0.999280,0.035635,-0.102202,0.036782,-0.994084),fov=21.085505,dt=0.017223},
	{cf=CFrame.new(0.822334,1.221916,-184.720032,-0.994653,0.008904,0.102887,0.012628,0.999286,0.035603,-0.102497,0.036712,-0.994056),fov=21.084766,dt=0.017007},
	{cf=CFrame.new(0.826015,1.226151,-184.718323,-0.994627,0.008498,0.103166,0.012227,0.999292,0.035572,-0.102791,0.036642,-0.994028),fov=21.084297,dt=0.016404},
	{cf=CFrame.new(0.829590,1.229874,-184.717041,-0.994620,0.008383,0.103246,0.012114,0.999294,0.035563,-0.102876,0.036622,-0.994020),fov=21.083973,dt=0.016866},
	{cf=CFrame.new(0.833111,1.233376,-184.716064,-0.994620,0.008394,0.103241,0.012125,0.999294,0.035563,-0.102870,0.036624,-0.994021),fov=21.083759,dt=0.016565},
	{cf=CFrame.new(0.836628,1.236855,-184.715149,-0.994621,0.008417,0.103227,0.012148,0.999294,0.035565,-0.102855,0.036628,-0.994022),fov=21.083614,dt=0.016979},
	{cf=CFrame.new(0.839931,1.239403,-184.714905,-0.994646,0.008822,0.102956,0.012548,0.999287,0.035596,-0.102569,0.036698,-0.994049),fov=21.083527,dt=0.015572},
	{cf=CFrame.new(0.843140,1.241547,-184.715027,-0.994681,0.009390,0.102572,0.013109,0.999279,0.035641,-0.102164,0.036796,-0.994087),fov=21.083462,dt=0.016986},
	{cf=CFrame.new(0.846344,1.243645,-184.715088,-0.994715,0.009975,0.102178,0.013687,0.999269,0.035687,-0.101748,0.036896,-0.994126),fov=21.083416,dt=0.018789},
	{cf=CFrame.new(0.849133,1.244057,-184.716248,-0.994770,0.010916,0.101545,0.014615,0.999253,0.035761,-0.101079,0.037058,-0.994188),fov=21.083391,dt=0.015450},
	{cf=CFrame.new(0.851330,1.242973,-184.718262,-0.994835,0.012067,0.100773,0.015752,0.999233,0.035852,-0.100264,0.037254,-0.994263),fov=21.083372,dt=0.016150},
	{cf=CFrame.new(0.853329,1.241486,-184.720459,-0.994901,0.013258,0.099974,0.016928,0.999210,0.035948,-0.099419,0.037457,-0.994341),fov=21.083359,dt=0.017101},
	{cf=CFrame.new(0.855312,1.239944,-184.722717,-0.994965,0.014453,0.099172,0.018107,0.999186,0.036044,-0.098571,0.037659,-0.994417),fov=21.083351,dt=0.016716},
	{cf=CFrame.new(0.856293,1.237831,-184.725342,-0.995023,0.015620,0.098403,0.019259,0.999161,0.036139,-0.097756,0.037855,-0.994490),fov=21.083345,dt=0.015322},
	{cf=CFrame.new(0.856853,1.235466,-184.728027,-0.995079,0.016774,0.097647,0.020398,0.999135,0.036234,-0.096955,0.038048,-0.994561),fov=21.083342,dt=0.016978},
	{cf=CFrame.new(0.857368,1.233078,-184.730774,-0.995133,0.017927,0.096893,0.021536,0.999108,0.036329,-0.096155,0.038239,-0.994632),fov=21.083340,dt=0.016807},
	{cf=CFrame.new(0.855896,1.229538,-184.734192,-0.995180,0.019021,0.096198,0.022616,0.999081,0.036420,-0.095417,0.038420,-0.994696),fov=21.083338,dt=0.016802},
	{cf=CFrame.new(0.853569,1.225487,-184.737915,-0.995223,0.020091,0.095530,0.023672,0.999053,0.036508,-0.094706,0.038595,-0.994757),fov=21.083336,dt=0.016873},
	{cf=CFrame.new(0.851158,1.221397,-184.741699,-0.995265,0.021157,0.094864,0.024725,0.999024,0.036597,-0.093997,0.038769,-0.994817),fov=21.083336,dt=0.017076},
	{cf=CFrame.new(0.844597,1.217484,-184.745483,-0.995285,0.021946,0.094468,0.025508,0.999002,0.036660,-0.093570,0.038896,-0.994853),fov=21.083336,dt=0.016350},
	{cf=CFrame.new(0.836250,1.213646,-184.749329,-0.995297,0.022616,0.094190,0.026174,0.998983,0.036710,-0.093264,0.039003,-0.994877),fov=21.083336,dt=0.016995},
	{cf=CFrame.new(0.827724,1.209808,-184.753113,-0.995307,0.023274,0.093922,0.026828,0.998964,0.036760,-0.092969,0.039107,-0.994901),fov=21.083336,dt=0.016260},
	{cf=CFrame.new(0.819176,1.205978,-184.757019,-0.995316,0.023930,0.093656,0.027481,0.998944,0.036810,-0.092676,0.039211,-0.994924),fov=21.083336,dt=0.017644},
	{cf=CFrame.new(0.810631,1.202148,-184.760864,-0.995325,0.024587,0.093389,0.028134,0.998924,0.036860,-0.092382,0.039315,-0.994947),fov=21.083336,dt=0.015548},
	{cf=CFrame.new(0.801098,1.199959,-184.763794,-0.995327,0.024887,0.093292,0.028434,0.998915,0.036882,-0.092273,0.039362,-0.994956),fov=21.083336,dt=0.016841},
	{cf=CFrame.new(0.791138,1.198479,-184.766357,-0.995326,0.025034,0.093269,0.028581,0.998910,0.036892,-0.092244,0.039385,-0.994957),fov=21.083336,dt=0.016902},
	{cf=CFrame.new(0.781132,1.197067,-184.768921,-0.995324,0.025166,0.093253,0.028713,0.998906,0.036900,-0.092222,0.039405,-0.994959),fov=21.083336,dt=0.016546},
	{cf=CFrame.new(0.771126,1.195656,-184.771484,-0.995322,0.025296,0.093237,0.028844,0.998902,0.036908,-0.092202,0.039425,-0.994960),fov=21.083336,dt=0.016107},
	{cf=CFrame.new(0.761120,1.194252,-184.773987,-0.995320,0.025426,0.093222,0.028975,0.998898,0.036917,-0.092181,0.039445,-0.994961),fov=21.083336,dt=0.017067},
	{cf=CFrame.new(0.751110,1.192848,-184.776489,-0.995318,0.025555,0.093207,0.029105,0.998894,0.036925,-0.092161,0.039465,-0.994962),fov=21.083336,dt=0.019187},
	{cf=CFrame.new(0.741665,1.193260,-184.778015,-0.995311,0.024987,0.093431,0.028539,0.998912,0.036882,-0.092408,0.039375,-0.994943),fov=21.083336,dt=0.014133},
	{cf=CFrame.new(0.732464,1.194458,-184.779114,-0.995302,0.024117,0.093758,0.027674,0.998939,0.036817,-0.092771,0.039238,-0.994914),fov=21.083336,dt=0.016485},
	{cf=CFrame.new(0.723282,1.195732,-184.780212,-0.995292,0.023218,0.094094,0.026778,0.998966,0.036750,-0.093143,0.039096,-0.994885),fov=21.083336,dt=0.016627},
	{cf=CFrame.new(0.715347,1.197021,-184.781067,-0.995278,0.022085,0.094510,0.025649,0.998998,0.036666,-0.093606,0.038917,-0.994849),fov=21.083336,dt=0.016743},
	{cf=CFrame.new(0.707939,1.198303,-184.781799,-0.995262,0.020852,0.094961,0.024421,0.999032,0.036576,-0.094106,0.038721,-0.994809),fov=21.083336,dt=0.017370},
	{cf=CFrame.new(0.700592,1.199593,-184.782532,-0.995244,0.019609,0.095414,0.023182,0.999065,0.036485,-0.094609,0.038523,-0.994769),fov=21.083336,dt=0.016723},
	{cf=CFrame.new(0.693241,1.200874,-184.783264,-0.995224,0.018365,0.095866,0.021942,0.999097,0.036395,-0.095111,0.038325,-0.994729),fov=21.083336,dt=0.016026},
	{cf=CFrame.new(0.685898,1.202164,-184.784058,-0.995203,0.017120,0.096317,0.020702,0.999126,0.036305,-0.095611,0.038125,-0.994689),fov=21.083336,dt=0.016970},
	{cf=CFrame.new(0.678551,1.203445,-184.784729,-0.995180,0.015876,0.096767,0.019461,0.999155,0.036216,-0.096110,0.037925,-0.994648),fov=21.083336,dt=0.016271},
	{cf=CFrame.new(0.673473,1.204330,-184.785278,-0.995150,0.014379,0.097305,0.017968,0.999186,0.036110,-0.096706,0.037684,-0.994599),fov=21.083336,dt=0.016446},
	{cf=CFrame.new(0.669373,1.205048,-184.785706,-0.995116,0.012774,0.097879,0.016368,0.999218,0.035998,-0.097343,0.037424,-0.994547),fov=21.083336,dt=0.018704},
	{cf=CFrame.new(0.665367,1.205742,-184.786072,-0.995078,0.011158,0.098456,0.014756,0.999247,0.035885,-0.097982,0.037161,-0.994494),fov=21.083336,dt=0.016146},
	{cf=CFrame.new(0.661373,1.206429,-184.786438,-0.995038,0.009541,0.099034,0.013143,0.999273,0.035774,-0.098621,0.036898,-0.994441),fov=21.083336,dt=0.015281},
	{cf=CFrame.new(0.657383,1.207123,-184.786804,-0.994994,0.007925,0.099615,0.011530,0.999297,0.035663,-0.099263,0.036633,-0.994387),fov=21.083336,dt=0.016791},
	{cf=CFrame.new(0.653389,1.207817,-184.787109,-0.994947,0.006308,0.100195,0.009916,0.999319,0.035553,-0.099903,0.036367,-0.994333),fov=21.083336,dt=0.017259},
	{cf=CFrame.new(0.645809,1.208054,-184.771301,-0.994844,0.004997,0.101288,0.008769,0.999283,0.036830,-0.101031,0.037528,-0.994175),fov=21.083336,dt=0.015959},
	{cf=CFrame.new(0.636684,1.208092,-184.748535,-0.994715,0.003814,0.102596,0.007823,0.999220,0.038704,-0.102369,0.039302,-0.993970),fov=21.083336,dt=0.017238},
	{cf=CFrame.new(0.627407,1.208115,-184.725098,-0.994581,0.002641,0.103921,0.006899,0.999150,0.040641,-0.103725,0.041138,-0.993755),fov=21.083336,dt=0.017081},
	{cf=CFrame.new(0.616024,1.208138,-184.696228,-0.994414,0.001200,0.105539,0.005772,0.999057,0.043025,-0.105388,0.043394,-0.993484),fov=21.083336,dt=0.019596},
	{cf=CFrame.new(0.608612,1.208153,-184.677429,-0.994303,0.000260,0.106587,0.005041,0.998993,0.044579,-0.106468,0.044863,-0.993304),fov=21.083336,dt=0.012140},
	{cf=CFrame.new(0.599506,1.208168,-184.654358,-0.994164,-0.000897,0.107870,0.004143,0.998910,0.046491,-0.107794,0.046667,-0.993078),fov=21.083336,dt=0.016428},
	{cf=CFrame.new(0.556644,1.208168,-184.523926,-0.992987,-0.003985,0.118149,0.002333,0.998576,0.053293,-0.118194,0.053195,-0.991565),fov=21.083336,dt=0.061828},
	{cf=CFrame.new(0.549896,1.208168,-184.500610,-0.992751,-0.004461,0.120102,0.002096,0.998516,0.054415,-0.120166,0.054272,-0.991269),fov=21.083336,dt=0.005297},
	{cf=CFrame.new(0.546761,1.208168,-184.487915,-0.992614,-0.004673,0.121223,0.002013,0.998486,0.054968,-0.121297,0.054806,-0.991102),fov=21.083336,dt=0.005251},
	{cf=CFrame.new(0.539066,1.208168,-184.455566,-0.992254,-0.005189,0.124111,0.001827,0.998410,0.056348,-0.124206,0.056138,-0.990667),fov=21.083336,dt=0.011370},
	{cf=CFrame.new(0.542023,1.206879,-184.387878,-0.991399,-0.005373,0.130756,0.002268,0.998301,0.058219,-0.130847,0.058014,-0.989704),fov=21.083336,dt=0.016521},
	{cf=CFrame.new(0.550522,1.205032,-184.309082,-0.990327,-0.005361,0.138647,0.003015,0.998186,0.060129,-0.138718,0.059966,-0.988515),fov=21.083336,dt=0.017345},
	{cf=CFrame.new(0.559582,1.203133,-184.229065,-0.989173,-0.005342,0.146651,0.003809,0.998066,0.062046,-0.146699,0.061933,-0.987241),fov=21.083336,dt=0.016457},
	{cf=CFrame.new(0.568691,1.201225,-184.149048,-0.987953,-0.005336,0.154655,0.004624,0.997941,0.063966,-0.154679,0.063910,-0.985896),fov=21.083336,dt=0.016241},
	{cf=CFrame.new(0.577808,1.199326,-184.068970,-0.986669,-0.005344,0.162649,0.005457,0.997812,0.065888,-0.162645,0.065897,-0.984482),fov=21.083336,dt=0.017514},
	{cf=CFrame.new(0.586929,1.197411,-183.988892,-0.985320,-0.005367,0.170629,0.006308,0.997678,0.067813,-0.170597,0.067894,-0.982999),fov=21.083336,dt=0.017417},
	{cf=CFrame.new(0.607815,1.194214,-183.893188,-0.983616,-0.005038,0.180204,0.007656,0.997540,0.069680,-0.180112,0.069918,-0.981158),fov=21.083336,dt=0.015369},
	{cf=CFrame.new(0.633759,1.190453,-183.790649,-0.981686,-0.004567,0.190450,0.009235,0.997397,0.071518,-0.190281,0.071967,-0.979088),fov=21.083336,dt=0.016881},
	{cf=CFrame.new(0.660206,1.186653,-183.687439,-0.979635,-0.004096,0.200743,0.010860,0.997247,0.073348,-0.200491,0.074034,-0.976894),fov=21.083336,dt=0.016736},
	{cf=CFrame.new(0.714409,1.175591,-183.545715,-0.976658,-0.002567,0.214783,0.013434,0.997241,0.073007,-0.214378,0.074188,-0.973930),fov=21.083336,dt=0.018008},
	{cf=CFrame.new(0.780514,1.161430,-183.387451,-0.973099,-0.000550,0.230385,0.016409,0.997292,0.071686,-0.229801,0.073538,-0.970456),fov=21.083336,dt=0.015729},
	{cf=CFrame.new(0.847816,1.146957,-183.227539,-0.969247,0.001550,0.246084,0.019421,0.997343,0.070213,-0.245321,0.072833,-0.966702),fov=21.237732,dt=0.017315},
	{cf=CFrame.new(0.915226,1.132446,-183.067505,-0.965134,0.003690,0.261729,0.022436,0.997387,0.068670,-0.260792,0.072148,-0.962695),fov=21.469181,dt=0.015696},
	{cf=CFrame.new(0.982655,1.117928,-182.907471,-0.960764,0.005867,0.277302,0.025448,0.997424,0.067065,-0.276194,0.071490,-0.958439),fov=21.783834,dt=0.016532},
	{cf=CFrame.new(1.050083,1.103424,-182.747375,-0.956141,0.008079,0.292795,0.028455,0.997453,0.065399,-0.291521,0.070863,-0.953936),fov=22.145510,dt=0.016700},
	{cf=CFrame.new(1.129662,1.084259,-182.568542,-0.950622,0.010889,0.310157,0.031664,0.997572,0.062026,-0.308729,0.068785,-0.948660),fov=22.535208,dt=0.016697},
	{cf=CFrame.new(1.214451,1.063095,-182.381714,-0.944494,0.014023,0.328228,0.034918,0.997714,0.057851,-0.326667,0.066101,-0.942825),fov=22.979866,dt=0.018177},
	{cf=CFrame.new(1.299767,1.041725,-182.193970,-0.937987,0.017274,0.346238,0.038126,0.997840,0.053504,-0.344566,0.063386,-0.936620),fov=23.342859,dt=0.014825},
	{cf=CFrame.new(1.406021,1.009956,-181.953430,-0.926486,0.017728,0.375909,0.037745,0.998230,0.045953,-0.374430,0.056764,-0.925516),fov=23.790979,dt=0.017141},
	{cf=CFrame.new(1.521259,0.973724,-181.690125,-0.911856,0.017230,0.410146,0.035508,0.998685,0.036990,-0.408970,0.048293,-0.911269),fov=24.236940,dt=0.017089},
	{cf=CFrame.new(1.637398,0.937042,-181.424377,-0.895735,0.016951,0.444263,0.032709,0.999077,0.027829,-0.443381,0.039459,-0.895464),fov=24.684395,dt=0.017147},
	{cf=CFrame.new(1.753628,0.900314,-181.158569,-0.878331,0.017013,0.477748,0.029478,0.999392,0.018604,-0.477141,0.030424,-0.878300),fov=25.115786,dt=0.016552},
	{cf=CFrame.new(1.869858,0.863586,-180.892639,-0.859696,0.017437,0.510507,0.025824,0.999623,0.009344,-0.510152,0.021216,-0.859823),fov=25.438877,dt=0.016941},
	{cf=CFrame.new(1.986092,0.826859,-180.626770,-0.839865,0.018231,0.542488,0.021745,0.999764,0.000067,-0.542359,0.011853,-0.840063),fov=25.653931,dt=0.015094},
	{cf=CFrame.new(2.099789,0.778618,-180.277039,-0.812292,0.017587,0.582985,0.015254,0.999844,-0.008909,-0.583051,0.001656,-0.812434),fov=25.856997,dt=0.017529},
	{cf=CFrame.new(2.212383,0.725418,-179.891357,-0.779748,0.016691,0.625870,0.007289,0.999819,-0.017582,-0.626051,-0.009147,-0.779729),fov=26.011177,dt=0.016830},
	{cf=CFrame.new(2.324871,0.671745,-179.502075,-0.744653,0.016294,0.667251,-0.001418,0.999661,-0.025995,-0.667449,-0.020303,-0.744379),fov=26.149454,dt=0.017922},
	{cf=CFrame.new(2.437351,0.618011,-179.112427,-0.707378,0.016492,0.706642,-0.010785,0.999360,-0.034120,-0.706753,-0.031757,-0.706748),fov=26.248196,dt=0.014989},
	{cf=CFrame.new(2.528870,0.555496,-178.641846,-0.666254,0.018217,0.745501,-0.017024,0.999069,-0.039627,-0.745530,-0.039093,-0.665325),fov=26.351444,dt=0.016519},
	{cf=CFrame.new(2.611393,0.489212,-178.136597,-0.622209,0.020722,0.782576,-0.022043,0.998789,-0.043973,-0.782541,-0.044611,-0.621000),fov=26.449793,dt=0.016889},
	{cf=CFrame.new(2.693024,0.422546,-177.627747,-0.576043,0.023614,0.817078,-0.027238,0.998473,-0.048059,-0.816966,-0.049939,-0.574520),fov=26.537388,dt=0.015944},
	{cf=CFrame.new(2.774551,0.355850,-177.118713,-0.527982,0.026859,0.848830,-0.032745,0.998113,-0.051951,-0.848624,-0.055224,-0.526106),fov=26.631855,dt=0.017560},
	{cf=CFrame.new(2.856079,0.289146,-176.609497,-0.478200,0.030458,0.877722,-0.038573,0.997706,-0.055636,-0.877403,-0.060462,-0.475928),fov=26.720934,dt=0.017370},
	{cf=CFrame.new(2.937603,0.222443,-176.100342,-0.426868,0.034411,0.903658,-0.044713,0.997250,-0.059096,-0.903208,-0.065631,-0.424156),fov=26.800579,dt=0.015979},
	{cf=CFrame.new(3.002357,0.148705,-175.526489,-0.372396,0.038809,0.927261,-0.048084,0.996977,-0.061037,-0.926828,-0.067316,-0.369404),fov=26.883814,dt=0.016550},
	{cf=CFrame.new(3.059910,0.071960,-174.924805,-0.315850,0.043363,0.947817,-0.050276,0.996787,-0.062358,-0.947476,-0.067349,-0.312656),fov=26.970760,dt=0.017381},
	{cf=CFrame.new(3.116745,-0.005089,-174.320435,-0.258092,0.047978,0.964927,-0.052441,0.996598,-0.063579,-0.964696,-0.067011,-0.254698),fov=27.054407,dt=0.017067},
	{cf=CFrame.new(3.140957,-0.079926,-173.665894,-0.202105,0.053081,0.977924,-0.051925,0.996545,-0.064823,-0.977987,-0.063880,-0.198650),fov=27.130081,dt=0.015552},
	{cf=CFrame.new(3.151199,-0.153809,-172.990112,-0.146618,0.058237,0.987477,-0.050269,0.996537,-0.066235,-0.987915,-0.059350,-0.143182),fov=27.212788,dt=0.016574},
	{cf=CFrame.new(3.160049,-0.227592,-172.312195,-0.090780,0.063224,0.993861,-0.048538,0.996516,-0.067826,-0.994688,-0.054397,-0.087395),fov=27.297712,dt=0.017074},
	{cf=CFrame.new(3.168762,-0.301361,-171.633911,-0.034664,0.068005,0.997082,-0.046850,0.996475,-0.069592,-0.998301,-0.049126,-0.031356),fov=27.383717,dt=0.017505},
	{cf=CFrame.new(3.177456,-0.375130,-170.955750,0.021561,0.072561,0.997130,-0.045229,0.996412,-0.071531,-0.998744,-0.043557,0.024765),fov=27.457212,dt=0.015214},
	{cf=CFrame.new(3.162487,-0.435013,-170.300049,0.070805,0.077822,0.994449,-0.044027,0.996224,-0.074826,-0.996518,-0.038485,0.073964),fov=27.540663,dt=0.016695},
	{cf=CFrame.new(3.137371,-0.488937,-169.653992,0.116921,0.083325,0.989639,-0.043120,0.995960,-0.078763,-0.992205,-0.033465,0.120042),fov=27.626282,dt=0.017236},
	{cf=CFrame.new(3.111240,-0.542252,-169.008850,0.162486,0.088710,0.982714,-0.042397,0.995658,-0.082868,-0.985800,-0.028199,0.165541),fov=27.708494,dt=0.016803},
	{cf=CFrame.new(3.078434,-0.591660,-168.370117,0.205813,0.094046,0.974061,-0.041975,0.995304,-0.087228,-0.977691,-0.022934,0.208794),fov=27.791588,dt=0.017005},
	{cf=CFrame.new(3.042797,-0.639404,-167.734009,0.247939,0.099272,0.963675,-0.041789,0.994906,-0.091737,-0.967874,-0.017526,0.250825),fov=27.871176,dt=0.016369},
	{cf=CFrame.new(3.006878,-0.686981,-167.098206,0.289510,0.104335,0.951471,-0.041796,0.994471,-0.096333,-0.956262,-0.011879,0.292270),fov=27.966431,dt=0.019407},
	{cf=CFrame.new(2.970932,-0.734535,-166.462402,0.330519,0.109221,0.937458,-0.041998,0.993999,-0.101001,-0.942865,-0.005989,0.333123),fov=28.033564,dt=0.014466},
	{cf=CFrame.new(2.934982,-0.782097,-165.826599,0.370897,0.113916,0.921660,-0.042398,0.993490,-0.105732,-0.927706,0.000139,0.373312),fov=28.106527,dt=0.014782},
	{cf=CFrame.new(2.899029,-0.829651,-165.190857,0.410566,0.118411,0.904109,-0.043000,0.992943,-0.110518,-0.910817,0.006498,0.412761),fov=28.196699,dt=0.017631},
	{cf=CFrame.new(2.842560,-0.874763,-164.362305,0.452029,0.122201,0.883592,-0.045744,0.992444,-0.113853,-0.890829,0.011046,0.454204),fov=28.280237,dt=0.016881},
	{cf=CFrame.new(2.770462,-0.916931,-163.385620,0.493978,0.125122,0.860424,-0.050185,0.992045,-0.115450,-0.868025,0.013849,0.496328),fov=28.365032,dt=0.017250},
	{cf=CFrame.new(2.694557,-0.958183,-162.372559,0.535034,0.127739,0.835117,-0.055106,0.991675,-0.116381,-0.843031,0.016248,0.537620),fov=28.442877,dt=0.016025},
	{cf=CFrame.new(2.618263,-0.999336,-161.355835,0.574839,0.130285,0.807827,-0.060141,0.991300,-0.117079,-0.816053,0.018719,0.577674),fov=28.527843,dt=0.017205},
	{cf=CFrame.new(2.541943,-1.040474,-160.338806,0.613292,0.132633,0.778640,-0.065166,0.990936,-0.117468,-0.787163,0.021301,0.616377),fov=28.602160,dt=0.015239},
	{cf=CFrame.new(2.465618,-1.081627,-159.321655,0.650290,0.134861,0.747619,-0.070209,0.990574,-0.117618,-0.756435,0.023996,0.653629),fov=28.686325,dt=0.016739},
	{cf=CFrame.new(2.389290,-1.122772,-158.304504,0.685738,0.137018,0.714834,-0.075293,0.990206,-0.117573,-0.723943,0.026802,0.689339),fov=28.772572,dt=0.017309},
	{cf=CFrame.new(2.306118,-1.162025,-157.221863,0.719873,0.138683,0.680109,-0.080928,0.989923,-0.116200,-0.689372,0.028609,0.723843),fov=28.863317,dt=0.018536},
	{cf=CFrame.new(2.220020,-1.200462,-156.111145,0.752390,0.140156,0.643634,-0.086746,0.989674,-0.114106,-0.652981,0.030019,0.756780),fov=28.937759,dt=0.015777},
	{cf=CFrame.new(2.133633,-1.238815,-154.997559,0.783078,0.141609,0.605586,-0.092526,0.989423,-0.111720,-0.615002,0.031454,0.787898),fov=29.016893,dt=0.016258},
	{cf=CFrame.new(2.029633,-1.257637,-153.951843,0.808820,0.142623,0.570498,-0.098708,0.989306,-0.107380,-0.579712,0.030539,0.814250),fov=29.097662,dt=0.016409},
	{cf=CFrame.new(1.918095,-1.268089,-152.935242,0.831759,0.143558,0.536254,-0.104934,0.989228,-0.102063,-0.545130,0.028620,0.837864),fov=29.176525,dt=0.016638},
	{cf=CFrame.new(1.805798,-1.277687,-151.921692,0.853117,0.144604,0.501279,-0.110996,0.989131,-0.096431,-0.509776,0.026627,0.859896),fov=29.253521,dt=0.016754},
	{cf=CFrame.new(1.693436,-1.287216,-150.908325,0.872978,0.145776,0.465466,-0.116866,0.989010,-0.090559,-0.473552,0.024659,0.880421),fov=29.325005,dt=0.015924},
	{cf=CFrame.new(1.578205,-1.291649,-149.939331,0.890669,0.146981,0.430237,-0.122432,0.988884,-0.084374,-0.437856,0.022475,0.898765),fov=29.402067,dt=0.017155},
	{cf=CFrame.new(1.461746,-1.293900,-148.989441,0.906666,0.148275,0.394929,-0.127745,0.988739,-0.077947,-0.402039,0.020222,0.915399),fov=29.475378,dt=0.016721},
	{cf=CFrame.new(1.345169,-1.295921,-148.041382,0.921223,0.149694,0.359080,-0.132838,0.988568,-0.071320,-0.365652,0.018003,0.930578),fov=29.545147,dt=0.016036},
	{cf=CFrame.new(1.177139,-1.252853,-147.238159,0.935862,0.153222,0.317307,-0.140395,0.988086,-0.063049,-0.323187,0.014457,0.946225),fov=29.611330,dt=0.017535},
	{cf=CFrame.new(0.943748,-1.175926,-146.331848,0.951784,0.158929,0.262386,-0.150614,0.987243,-0.051638,-0.267246,0.009629,0.963580),fov=29.685953,dt=0.022825},
	{cf=CFrame.new(0.790455,-1.124657,-145.745605,0.960402,0.162893,0.226040,-0.157017,0.986621,-0.043858,-0.230160,0.006629,0.973131),fov=29.710812,dt=0.009577},
	{cf=CFrame.new(0.601860,-1.061432,-145.026123,0.969036,0.167986,0.180967,-0.164545,0.985784,-0.033972,-0.184101,0.003143,0.982903),fov=29.758909,dt=0.016485},
	{cf=CFrame.new(0.409729,-0.997017,-144.293335,0.975595,0.173400,0.134708,-0.171793,0.984851,-0.023555,-0.136752,-0.000162,0.990606),fov=29.806614,dt=0.017193},
	{cf=CFrame.new(0.217247,-0.932487,-143.559265,0.979887,0.179040,0.088126,-0.178612,0.983837,-0.012786,-0.088991,-0.003212,0.996028),fov=29.850965,dt=0.016803},
	{cf=CFrame.new(-0.015114,-0.839737,-142.837585,0.981854,0.186861,0.032304,-0.186959,0.982368,0.000006,-0.031733,-0.006045,0.999478),fov=29.880970,dt=0.015331},
	{cf=CFrame.new(-0.281925,-0.723915,-142.101746,0.979875,0.196867,-0.032976,-0.196473,0.980397,0.014824,0.035248,-0.008047,0.999346),fov=29.907030,dt=0.016689},
	{cf=CFrame.new(-0.557892,-0.602180,-141.358032,0.973005,0.207654,-0.100690,-0.205577,0.978159,0.030697,0.104865,-0.009169,0.994444),fov=29.928764,dt=0.017454},
	{cf=CFrame.new(-0.865589,-0.458969,-140.587708,0.958508,0.221217,-0.179790,-0.215918,0.975192,0.048776,0.186120,-0.007933,0.982495),fov=29.945944,dt=0.016919},
	{cf=CFrame.new(-1.186584,-0.306747,-139.806213,0.935704,0.235866,-0.262342,-0.225777,0.971774,0.068412,0.271074,-0.004783,0.962547),fov=29.960161,dt=0.016227},
	{cf=CFrame.new(-1.516769,-0.140373,-139.082825,0.900405,0.253170,-0.353801,-0.236900,0.967416,0.089358,0.364895,0.003357,0.931043),fov=29.973745,dt=0.017047},
	{cf=CFrame.new(-1.850464,0.031761,-138.384888,0.853217,0.270864,-0.445703,-0.247222,0.962502,0.111673,0.459239,0.014906,0.888188),fov=29.983068,dt=0.017751},
	{cf=CFrame.new(-2.184498,0.204475,-137.689331,0.796022,0.287587,-0.532581,-0.255474,0.957330,0.135102,0.548710,0.028516,0.835527),fov=29.988358,dt=0.015625},
	{cf=CFrame.new(-2.518597,0.386841,-137.004883,0.714221,0.306368,-0.629306,-0.265283,0.950520,0.161667,0.647698,0.051478,0.760156),fov=29.992418,dt=0.017442},
	{cf=CFrame.new(-2.852707,0.573341,-136.325195,0.612806,0.323457,-0.721002,-0.273290,0.942840,0.190699,0.741473,0.080182,0.666176),fov=29.994753,dt=0.015404},
	{cf=CFrame.new(-3.186817,0.760262,-135.645935,0.498606,0.336875,-0.798690,-0.277572,0.934927,0.221055,0.821185,0.111474,0.559668),fov=29.996548,dt=0.017078},
	{cf=CFrame.new(-3.461967,0.899284,-134.871704,0.384101,0.337180,-0.859520,-0.271642,0.930998,0.243829,0.882427,0.139827,0.449190),fov=29.997675,dt=0.016304},
	{cf=CFrame.new(-3.711823,1.017754,-134.056763,0.266933,0.330733,-0.905185,-0.260819,0.929008,0.262524,0.927750,0.166013,0.334245),fov=29.998468,dt=0.017148},
	{cf=CFrame.new(-3.959141,1.134163,-133.237671,0.145486,0.321350,-0.935717,-0.247930,0.927444,0.279961,0.957792,0.191262,0.214603),fov=29.999014,dt=0.017781},
	{cf=CFrame.new(-4.250835,1.228851,-132.341858,0.044303,0.307740,-0.950438,-0.230341,0.928886,0.290025,0.972101,0.206076,0.112038),fov=29.999315,dt=0.015115},
	{cf=CFrame.new(-4.561657,1.314255,-131.413330,-0.048003,0.292646,-0.955015,-0.211055,0.931558,0.296066,0.976295,0.215773,0.017046),fov=29.999538,dt=0.016489},
	{cf=CFrame.new(-4.874386,1.398758,-130.481384,-0.139371,0.277142,-0.950666,-0.191561,0.934356,0.300471,0.971535,0.223988,-0.077132),fov=29.999706,dt=0.017876},
	{cf=CFrame.new(-5.187313,1.483162,-129.549194,-0.229840,0.261384,-0.937470,-0.172086,0.937166,0.303490,0.957894,0.231080,-0.170419),fov=30.013676,dt=0.016100},
	{cf=CFrame.new(-5.500256,1.567551,-128.617004,-0.318661,0.245456,-0.915536,-0.152739,0.939970,0.305169,0.935482,0.237084,-0.262041),fov=30.037626,dt=0.016514},
	{cf=CFrame.new(-5.813202,1.651932,-127.684753,-0.405015,0.229434,-0.885055,-0.133620,0.942758,0.305539,0.904494,0.242009,-0.351175),fov=30.067663,dt=0.016381},
	{cf=CFrame.new(-6.138378,1.728912,-126.723877,-0.480338,0.213418,-0.850722,-0.114164,0.946479,0.301900,0.869622,0.242136,-0.430265),fov=30.103411,dt=0.017061},
	{cf=CFrame.new(-6.468807,1.802711,-125.750732,-0.549318,0.197835,-0.811856,-0.095111,0.950453,0.295962,0.830183,0.239794,-0.503286),fov=30.140680,dt=0.016623},
	{cf=CFrame.new(-6.799763,1.876190,-124.776306,-0.614641,0.182796,-0.767334,-0.076835,0.954279,0.288875,0.785056,0.236513,-0.572494),fov=30.179996,dt=0.016668},
	{cf=CFrame.new(-7.134468,1.930557,-123.718201,-0.657850,0.171624,-0.733333,-0.060142,0.958610,0.278298,0.750744,0.227183,-0.620300),fov=30.265970,dt=0.017124},
	{cf=CFrame.new(-7.470764,1.976715,-122.624207,-0.691585,0.162505,-0.703776,-0.044513,0.962921,0.266085,0.720922,0.215347,-0.658709),fov=30.372654,dt=0.015806},
	{cf=CFrame.new(-7.807220,2.022079,-121.526611,-0.723297,0.154163,-0.673108,-0.029651,0.966928,0.253319,0.689900,0.203183,-0.694806),fov=30.503151,dt=0.016182},
	{cf=CFrame.new(-8.143696,2.067345,-120.428650,-0.753610,0.146470,-0.640794,-0.015543,0.970614,0.240139,0.657137,0.190932,-0.729189),fov=30.658447,dt=0.017444},
	{cf=CFrame.new(-8.480167,2.112595,-119.330627,-0.782499,0.139411,-0.606842,-0.002204,0.973986,0.226597,0.622647,0.178650,-0.761837),fov=30.822926,dt=0.017791},
	{cf=CFrame.new(-8.816647,2.157852,-118.232666,-0.809880,0.132979,-0.571323,0.010355,0.977055,0.212736,0.586504,0.166375,-0.792675),fov=30.982000,dt=0.016916},
	{cf=CFrame.new(-9.132362,2.198845,-117.108276,-0.831431,0.128039,-0.540673,0.021868,0.979873,0.198419,0.555197,0.153148,-0.817498),fov=31.170691,dt=0.015395},
	{cf=CFrame.new(-9.439156,2.237991,-115.972473,-0.850127,0.123994,-0.511770,0.032620,0.982415,0.183838,0.525566,0.139592,-0.839223),fov=31.413843,dt=0.016749},
	{cf=CFrame.new(-9.745056,2.276962,-114.835571,-0.867689,0.120480,-0.482286,0.042733,0.984672,0.169100,0.495267,0.126117,-0.859538),fov=31.694172,dt=0.017868},
	{cf=CFrame.new(-10.012810,2.311440,-113.665833,-0.880116,0.118427,-0.459749,0.051648,0.986525,0.155247,0.471939,0.112891,-0.874374),fov=31.947048,dt=0.015690},
	{cf=CFrame.new(-10.264191,2.343979,-112.481873,-0.890284,0.117113,-0.440089,0.059904,0.988087,0.141758,0.451448,0.099842,-0.886694),fov=32.228783,dt=0.016482},
	{cf=CFrame.new(-10.513931,2.376328,-111.296448,-0.899878,0.116125,-0.420396,0.067762,0.989423,0.128257,0.430844,0.086929,-0.898230),fov=32.515675,dt=0.016400},
	{cf=CFrame.new(-10.694263,2.407806,-110.085388,-0.906750,0.115800,-0.405455,0.074323,0.990389,0.116645,0.415066,0.075633,-0.906642),fov=32.834927,dt=0.017116},
	{cf=CFrame.new(-10.844826,2.438911,-108.863281,-0.912431,0.115804,-0.392501,0.080264,0.991138,0.105840,0.401279,0.065068,-0.913642),fov=33.148708,dt=0.016374},
	{cf=CFrame.new(-10.922585,2.472038,-107.627991,-0.917445,0.115828,-0.380627,0.085111,0.991675,0.096629,0.388651,0.056256,-0.919666),fov=33.484241,dt=0.016959},
	{cf=CFrame.new(-10.970055,2.506027,-106.387451,-0.922136,0.115899,-0.369096,0.089438,0.992091,0.088074,0.376385,0.048205,-0.925209),fov=33.817970,dt=0.016711},
	{cf=CFrame.new(-11.014488,2.540108,-105.146362,-0.926672,0.116059,-0.357503,0.093593,0.992425,0.079580,0.364031,0.040285,-0.930515),fov=34.158409,dt=0.016860},
	{cf=CFrame.new(-10.933693,2.578842,-103.888611,-0.931343,0.115775,-0.345246,0.096218,0.992656,0.073318,0.351199,0.035065,-0.935644),fov=34.478439,dt=0.015780},
	{cf=CFrame.new(-10.799164,2.619583,-102.623779,-0.935969,0.115321,-0.332660,0.098154,0.992844,0.068019,0.338124,0.031012,-0.940591),fov=34.838764,dt=0.017343},
	{cf=CFrame.new(-10.659252,2.660515,-101.358093,-0.940434,0.114899,-0.319969,0.099947,0.993007,0.062824,0.324950,0.027101,-0.945343),fov=35.161015,dt=0.015746},
	{cf=CFrame.new(-10.375931,2.706306,-100.071594,-0.945700,0.113720,-0.304496,0.100310,0.993183,0.059384,0.309174,0.025615,-0.950661),fov=35.520390,dt=0.017181},
	{cf=CFrame.new(-10.031132,2.754173,-98.775940,-0.951103,0.112220,-0.287763,0.100048,0.993365,0.056712,0.292218,0.025149,-0.956021),fov=35.874447,dt=0.017165},
	{cf=CFrame.new(-9.592907,2.802498,-97.455200,-0.956893,0.110169,-0.268731,0.099026,0.993579,0.054717,0.273034,0.025747,-0.961660),fov=36.207962,dt=0.016315},
	{cf=CFrame.new(-9.116539,2.850952,-96.123901,-0.962560,0.107889,-0.248672,0.097696,0.993803,0.053013,0.252851,0.026734,-0.967136),fov=36.486305,dt=0.016538},
	{cf=CFrame.new(-8.636349,2.899422,-94.791565,-0.967822,0.105590,-0.228406,0.096325,0.994023,0.051372,0.232465,0.027718,-0.972210),fov=36.726765,dt=0.016790},
	{cf=CFrame.new(-8.069492,2.940895,-93.406616,-0.973204,0.102699,-0.205730,0.094383,0.994286,0.049866,0.209676,0.029112,-0.977338),fov=36.934967,dt=0.016563},
	{cf=CFrame.new(-7.465477,2.979378,-91.999023,-0.978256,0.099555,-0.181940,0.092203,0.994561,0.048455,0.185775,0.030626,-0.982115),fov=37.126812,dt=0.016733},
	{cf=CFrame.new(-6.857746,3.017540,-90.589111,-0.982733,0.096389,-0.157936,0.090005,0.994827,0.047107,0.161660,0.032079,-0.986325),fov=37.313873,dt=0.017505},
	{cf=CFrame.new(-6.128910,3.014359,-88.946716,-0.987494,0.091861,-0.128128,0.086782,0.995225,0.044684,0.131620,0.033006,-0.990751),fov=37.471130,dt=0.015721},
	{cf=CFrame.new(-5.348087,2.993378,-87.204285,-0.991616,0.086802,-0.095721,0.083111,0.995659,0.041908,0.098943,0.033601,-0.994526),fov=37.445061,dt=0.016310},
	{cf=CFrame.new(-4.562069,2.970627,-85.451782,-0.994662,0.081758,-0.062943,0.079391,0.996071,0.039234,0.065904,0.034027,-0.997246),fov=37.290268,dt=0.016237},
	{cf=CFrame.new(-3.775528,2.947693,-83.698242,-0.996594,0.076786,-0.030054,0.075669,0.996457,0.036704,0.032766,0.034305,-0.998874),fov=37.027588,dt=0.017637},
	{cf=CFrame.new(-2.988945,2.924744,-81.944763,-0.997407,0.071893,0.003129,0.071958,0.996817,0.034314,-0.000652,0.034450,-0.999406),fov=36.706486,dt=0.017743},
	{cf=CFrame.new(-2.202347,2.901802,-80.191223,-0.997092,0.067090,0.036123,0.068256,0.997152,0.032077,-0.033868,0.034449,-0.998833),fov=36.396137,dt=0.015416},
	{cf=CFrame.new(-1.398716,2.850548,-78.288757,-0.995502,0.061848,0.071764,0.064064,0.997525,0.028992,-0.069793,0.033459,-0.997000),fov=36.023174,dt=0.016664},
	{cf=CFrame.new(-0.587746,2.787125,-76.322327,-0.992500,0.056357,0.108471,0.059462,0.997902,0.025604,-0.106801,0.031862,-0.993770),fov=35.379967,dt=0.018434},
	{cf=CFrame.new(0.200314,2.700882,-74.233521,-0.987856,0.050891,0.146794,0.054633,0.998273,0.021569,-0.145443,0.029327,-0.988932),fov=34.687523,dt=0.016487},
	{cf=CFrame.new(0.978271,2.605225,-72.094177,-0.981570,0.045461,0.185615,0.049529,0.998622,0.017340,-0.184572,0.026214,-0.982470),fov=33.951302,dt=0.015299},
	{cf=CFrame.new(1.755219,2.508606,-69.949768,-0.973714,0.040051,0.224221,0.044132,0.998938,0.013213,-0.223454,0.022761,-0.974449),fov=33.103806,dt=0.015880},
	{cf=CFrame.new(2.458355,2.381058,-67.627930,-0.963750,0.034981,0.264500,0.038502,0.999225,0.008138,-0.264011,0.018027,-0.964351),fov=32.140507,dt=0.017083},
	{cf=CFrame.new(3.129742,2.240242,-65.230042,-0.951819,0.030152,0.305174,0.032537,0.999467,0.002732,-0.304929,0.012530,-0.952293),fov=31.172434,dt=0.016955},
	{cf=CFrame.new(3.797962,2.098083,-62.824341,-0.938119,0.025475,0.345374,0.026201,0.999653,-0.002568,-0.345320,0.006640,-0.938462),fov=30.059113,dt=0.018090},
	{cf=CFrame.new(4.337681,1.932922,-60.262817,-0.922306,0.021563,0.385856,0.019777,0.999767,-0.008598,-0.385952,-0.000299,-0.922519),fov=29.051714,dt=0.015968},
	{cf=CFrame.new(4.822193,1.757881,-57.634338,-0.904552,0.018146,0.425975,0.013059,0.999804,-0.014859,-0.426162,-0.007878,-0.904613),fov=27.940531,dt=0.016647},
	{cf=CFrame.new(5.301186,1.581856,-54.999207,-0.885031,0.015019,0.465288,0.005932,0.999762,-0.020989,-0.465493,-0.015816,-0.884910),fov=26.854654,dt=0.015891},
	{cf=CFrame.new(5.613312,1.399460,-52.284363,-0.864454,0.012897,0.502544,-0.001022,0.999624,-0.027411,-0.502709,-0.024209,-0.864117),fov=25.716614,dt=0.016159},
	{cf=CFrame.new(5.695507,1.262207,-49.901794,-0.850431,0.011332,0.525963,-0.005845,0.999503,-0.030986,-0.526053,-0.029426,-0.849943),fov=24.442667,dt=0.017824},
	{cf=CFrame.new(5.702396,1.145279,-47.673523,-0.839259,0.009870,0.543641,-0.009797,0.999398,-0.033269,-0.543643,-0.033247,-0.838658),fov=23.329723,dt=0.015943},
	{cf=CFrame.new(5.701752,1.030380,-45.460693,-0.828078,0.008466,0.560548,-0.013729,0.999280,-0.035375,-0.560444,-0.036989,-0.827366),fov=22.101097,dt=0.017218},
	{cf=CFrame.new(5.700356,0.915695,-43.249451,-0.816595,0.007122,0.577166,-0.017728,0.999143,-0.037411,-0.576939,-0.040781,-0.815769),fov=20.914232,dt=0.016813},
	{cf=CFrame.new(5.698883,0.801033,-41.038269,-0.804782,0.005839,0.593540,-0.021800,0.998986,-0.039386,-0.593169,-0.044637,-0.803840),fov=19.726065,dt=0.016814},
	{cf=CFrame.new(5.697399,0.686356,-38.827209,-0.792645,0.004618,0.609665,-0.025947,0.998810,-0.041300,-0.609131,-0.048555,-0.791582),fov=18.587336,dt=0.016104},
	{cf=CFrame.new(5.567940,0.646812,-37.263550,-0.794547,0.002174,0.607197,-0.026619,0.998908,-0.038408,-0.606618,-0.046680,-0.793622),fov=17.423731,dt=0.016218},
	{cf=CFrame.new(5.383343,0.639633,-35.978882,-0.802480,-0.000752,0.596677,-0.025834,0.999105,-0.033485,-0.596119,-0.042286,-0.801782),fov=16.610357,dt=0.016779},
	{cf=CFrame.new(5.193230,0.635689,-34.722229,-0.810872,-0.003648,0.585211,-0.024976,0.999285,-0.028378,-0.584689,-0.037627,-0.810384),fov=16.059429,dt=0.017106},
	{cf=CFrame.new(5.002563,0.632065,-33.468292,-0.819169,-0.006464,0.573515,-0.024181,0.999437,-0.023274,-0.573042,-0.032934,-0.818864),fov=15.728428,dt=0.015622},
	{cf=CFrame.new(4.757481,0.642471,-32.069550,-0.831704,-0.010084,0.555127,-0.022730,0.999615,-0.015896,-0.554754,-0.025838,-0.831613),fov=15.431840,dt=0.020358},
	{cf=CFrame.new(4.595654,0.652176,-31.186096,-0.840152,-0.012390,0.542208,-0.021769,0.999704,-0.010887,-0.541913,-0.020949,-0.840174),fov=15.311668,dt=0.013914},
	{cf=CFrame.new(4.384171,0.684113,-30.289032,-0.853581,-0.015430,0.520730,-0.019963,0.999796,-0.003098,-0.520577,-0.013039,-0.853715),fov=15.203456,dt=0.017360},
	{cf=CFrame.new(4.163677,0.724701,-29.451050,-0.867990,-0.018395,0.496240,-0.018073,0.999822,0.005450,-0.496252,-0.004238,-0.868168),fov=15.136331,dt=0.016496},
	{cf=CFrame.new(3.942284,0.766167,-28.619049,-0.881870,-0.021086,0.471019,-0.016424,0.999767,0.014006,-0.471205,0.004615,-0.882012),fov=15.090070,dt=0.016966},
	{cf=CFrame.new(3.720798,0.807693,-27.787598,-0.895061,-0.023486,0.445322,-0.015042,0.999634,0.022486,-0.445688,0.013428,-0.895088),fov=15.060154,dt=0.016608},
	{cf=CFrame.new(3.499020,0.849945,-26.962891,-0.907582,-0.025680,0.419087,-0.013855,0.999416,0.031236,-0.419645,0.022543,-0.907408),fov=15.041044,dt=0.015884},
	{cf=CFrame.new(3.277122,0.892479,-26.141022,-0.919382,-0.027609,0.392394,-0.012915,0.999115,0.040037,-0.393152,0.031742,-0.918926),fov=15.027079,dt=0.017012},
	{cf=CFrame.new(3.055210,0.935059,-25.319458,-0.930428,-0.029238,0.365305,-0.012249,0.998736,0.048739,-0.366269,0.040874,-0.929611),fov=15.018420,dt=0.015991},
	{cf=CFrame.new(2.016041,0.986038,-24.714539,-0.955163,-0.030750,0.294477,-0.015953,0.998492,0.052520,-0.295648,0.045468,-0.954214),fov=15.011964,dt=0.017527},
	{cf=CFrame.new(0.624550,1.040642,-24.202972,-0.978710,-0.031932,0.202745,-0.021449,0.998327,0.053693,-0.204121,0.048202,-0.977758),fov=15.007872,dt=0.017104},
	{cf=CFrame.new(-0.802174,1.095612,-23.700775,-0.993688,-0.032705,0.107295,-0.027018,0.998174,0.054033,-0.108867,0.050793,-0.992758),fov=15.004496,dt=0.021443},
	{cf=CFrame.new(-2.702301,1.113419,-22.871735,-0.998955,-0.030271,-0.034222,-0.032289,0.997675,0.060019,0.032326,0.061062,-0.997611),fov=15.003342,dt=0.012825},
	{cf=CFrame.new(-4.805393,1.115196,-21.901520,-0.980719,-0.024712,-0.193852,-0.038710,0.996882,0.068757,0.191549,0.074935,-0.978619),fov=15.002257,dt=0.016234},
	{cf=CFrame.new(-6.928780,1.115372,-20.917145,-0.936501,-0.016639,-0.350268,-0.046777,0.995874,0.077758,0.347530,0.089205,-0.933416),fov=16.524284,dt=0.015227},
	{cf=CFrame.new(-8.315029,1.019455,-19.403534,-0.902184,0.004877,-0.431322,-0.022750,0.998006,0.058870,0.430749,0.062925,-0.900275),fov=20.269403,dt=0.022093},
	{cf=CFrame.new(-9.382675,0.882156,-17.662170,-0.876488,0.029872,-0.480494,0.018031,0.999410,0.029240,0.481085,0.016964,-0.876510),fov=22.706728,dt=0.012524},
	{cf=CFrame.new(-10.418461,0.740723,-15.898010,-0.849549,0.053447,-0.524793,0.062903,0.998020,-0.000187,0.523744,-0.033169,-0.851230),fov=24.946644,dt=0.015356},
	{cf=CFrame.new(-10.536961,0.631775,-15.398529,-0.848031,0.057721,-0.526793,0.070409,0.997510,-0.004046,0.525248,-0.040523,-0.849984),fov=26.595675,dt=0.016316},
	{cf=CFrame.new(-10.260803,0.536964,-15.445435,-0.857917,0.054115,-0.510930,0.061314,0.998115,0.002762,0.510116,-0.028958,-0.859618),fov=27.786383,dt=0.017488},
	{cf=CFrame.new(-9.945175,0.443565,-15.546906,-0.868604,0.049504,-0.493026,0.050807,0.998651,0.010763,0.492894,-0.015700,-0.869948),fov=28.532080,dt=0.016843},
	{cf=CFrame.new(-9.625595,0.350319,-15.653870,-0.879029,0.044583,-0.474678,0.040408,0.999003,0.019001,0.475052,-0.002478,-0.879954),fov=29.019205,dt=0.016592},
	{cf=CFrame.new(-9.157986,0.236313,-15.850525,-0.893261,0.043044,-0.447470,0.030902,0.998930,0.034404,0.448473,0.016904,-0.893637),fov=29.603233,dt=0.029773},
	{cf=CFrame.new(-8.921780,0.225243,-16.032379,-0.899466,0.054666,-0.433557,0.037208,0.998122,0.048657,0.435403,0.027633,-0.899812),fov=29.755297,dt=0.019163},
	{cf=CFrame.new(-8.708717,0.224442,-16.212738,-0.904725,0.067414,-0.420626,0.045197,0.997016,0.062576,0.423590,0.037603,-0.905073),fov=29.867519,dt=0.022930},
	{cf=CFrame.new(-8.535851,0.224632,-16.360504,-0.908830,0.077799,-0.409847,0.051966,0.995917,0.073814,0.413917,0.045786,-0.909163),fov=29.904230,dt=0.013856},
	{cf=CFrame.new(-8.367008,0.224915,-16.505035,-0.912706,0.087807,-0.399069,0.058681,0.994681,0.084650,0.404380,0.053843,-0.913005),fov=29.941145,dt=0.019272},
	{cf=CFrame.new(-8.198532,0.225250,-16.649139,-0.916440,0.097632,-0.388077,0.065461,0.993293,0.095308,0.394780,0.061941,-0.916686),fov=29.959053,dt=0.015214},
	{cf=CFrame.new(-7.988041,0.292282,-16.675995,-0.919880,0.107857,-0.377076,0.072971,0.991722,0.105655,0.385350,0.069674,-0.920136),fov=29.973318,dt=0.017416},
	{cf=CFrame.new(-7.773346,0.365990,-16.691162,-0.923161,0.117974,-0.365862,0.080613,0.989993,0.115822,0.375865,0.077429,-0.923434),fov=29.983444,dt=0.018976},
	{cf=CFrame.new(-7.558235,0.440346,-16.705170,-0.926294,0.127928,-0.354419,0.088325,0.988113,0.125820,0.366302,0.085243,-0.926583),fov=29.987663,dt=0.012740},
	{cf=CFrame.new(-7.391487,0.498032,-16.715912,-0.928619,0.135527,-0.345396,0.094345,0.986554,0.133453,0.358839,0.091341,-0.928920),fov=29.991005,dt=0.013547},
	{cf=CFrame.new(-7.181168,0.570793,-16.729462,-0.931423,0.144959,-0.333821,0.101988,0.984464,0.142928,0.349354,0.099081,-0.931738),fov=29.994146,dt=0.017457},
	{cf=CFrame.new(-6.966492,0.645058,-16.743286,-0.934133,0.154412,-0.321793,0.109847,0.982191,0.152426,0.339599,0.107038,-0.934460),fov=29.995932,dt=0.015253},
	{cf=CFrame.new(-6.657867,0.731613,-16.667908,-0.938823,0.158176,-0.305925,0.112867,0.980543,0.160615,0.325378,0.116261,-0.938410),fov=29.997227,dt=0.015890},
	{cf=CFrame.new(-6.308819,0.823425,-16.554016,-0.944173,0.159354,-0.288345,0.113894,0.979153,0.168188,0.309136,0.125958,-0.942640),fov=29.998182,dt=0.017219},
	{cf=CFrame.new(-5.955727,0.915756,-16.436218,-0.949323,0.160091,-0.270472,0.114853,0.977739,0.175600,0.292563,0.135637,-0.946578),fov=29.998814,dt=0.017372},
	{cf=CFrame.new(-5.392773,1.019524,-16.196014,-0.958526,0.150604,-0.241961,0.108424,0.977835,0.179115,0.263574,0.145452,-0.953610),fov=29.999191,dt=0.015922},
	{cf=CFrame.new(-4.739300,1.128212,-15.903046,-0.968416,0.136649,-0.208558,0.099043,0.978448,0.181193,0.228823,0.154814,-0.961079),fov=29.999470,dt=0.017386},
	{cf=CFrame.new(-3.791882,1.245972,-15.483307,-0.980430,0.111771,-0.162057,0.082335,0.980550,0.178165,0.178818,0.161336,-0.970564),fov=29.999641,dt=0.016379},
	{cf=CFrame.new(-2.495544,1.377312,-14.914001,-0.991564,0.076693,-0.104490,0.058154,0.983701,0.170150,0.115836,0.162638,-0.979863),fov=29.999769,dt=0.017380},
	{cf=CFrame.new(-1.321461,1.330750,-14.276947,-0.997683,0.046710,-0.049448,0.040542,0.992050,0.119133,0.054620,0.116853,-0.991646),fov=29.999846,dt=0.016502},
	{cf=CFrame.new(-0.561985,1.226898,-13.826752,-0.999501,0.031047,-0.005720,0.030569,0.997058,0.070296,0.007886,0.070086,-0.997510),fov=29.999897,dt=0.016680},
	{cf=CFrame.new(0.047947,1.124329,-13.461884,-0.999257,0.020939,0.032346,0.021831,0.999385,0.027456,-0.031752,0.028142,-0.999100),fov=29.999929,dt=0.015735},
	{cf=CFrame.new(0.642933,1.021873,-13.105469,-0.997564,0.012597,0.068598,0.011568,0.999815,-0.015379,-0.068779,-0.014548,-0.997526),fov=29.999952,dt=0.015863},
	{cf=CFrame.new(1.125298,0.920723,-12.833191,-0.994525,0.001800,0.104476,-0.003202,0.998857,-0.047692,-0.104443,-0.047765,-0.993383),fov=29.612238,dt=0.017448},
	{cf=CFrame.new(1.559498,0.820129,-12.596985,-0.990093,-0.009804,0.140066,-0.020524,0.996950,-0.075298,-0.138901,-0.077427,-0.987275),fov=28.983168,dt=0.017146},
	{cf=CFrame.new(1.988880,0.719597,-12.364380,-0.984330,-0.020804,0.175099,-0.039208,0.993979,-0.102314,-0.171916,-0.107576,-0.979220),fov=28.144676,dt=0.018098},
	{cf=CFrame.new(2.417778,0.619057,-12.132141,-0.977034,-0.030437,0.210896,-0.058457,0.990059,-0.127930,-0.204906,-0.137320,-0.969101),fov=27.529587,dt=0.014920},
	{cf=CFrame.new(2.846630,0.518524,-11.899902,-0.968330,-0.038994,0.246606,-0.078579,0.985131,-0.152779,-0.236982,-0.167319,-0.956998),fov=26.826311,dt=0.017326},
	{cf=CFrame.new(3.275475,0.417992,-11.667725,-0.958388,-0.046677,0.281625,-0.099770,0.979096,-0.177250,-0.267464,-0.197972,-0.943011),fov=26.182695,dt=0.016852},
	{cf=CFrame.new(3.647827,0.339409,-11.499634,-0.945246,-0.059743,0.320842,-0.124139,0.975023,-0.184174,-0.301826,-0.213918,-0.929054),fov=25.748430,dt=0.016430},
	{cf=CFrame.new(3.995758,0.270325,-11.359253,-0.929370,-0.075404,0.361366,-0.149894,0.971665,-0.182751,-0.337347,-0.224010,-0.914340),fov=25.428671,dt=0.016957},
	{cf=CFrame.new(4.341244,0.202179,-11.221649,-0.911436,-0.091358,0.401169,-0.176030,0.967878,-0.179517,-0.371883,-0.234236,-0.898241),fov=25.214050,dt=0.015812},
	{cf=CFrame.new(4.686489,0.134140,-11.084320,-0.891569,-0.107324,0.439983,-0.202404,0.963518,-0.175117,-0.405138,-0.245183,-0.880766),fov=25.035870,dt=0.017146},
	{cf=CFrame.new(5.031708,0.066101,-10.947021,-0.869831,-0.123228,0.477710,-0.228946,0.958549,-0.169608,-0.437009,-0.256900,-0.861989),fov=24.900545,dt=0.017044},
	{cf=CFrame.new(5.376926,-0.001923,-10.809723,-0.846282,-0.139021,0.514275,-0.255592,0.952946,-0.162994,-0.467417,-0.269383,-0.841994),fov=24.791729,dt=0.017152},
	{cf=CFrame.new(5.711384,-0.008629,-10.677185,-0.824189,-0.146417,0.547060,-0.267261,0.952223,-0.147794,-0.499284,-0.268018,-0.823943),fov=24.964518,dt=0.016371},
	{cf=CFrame.new(6.041195,0.011208,-10.546692,-0.802217,-0.150648,0.577712,-0.271873,0.953669,-0.128841,-0.531537,-0.260423,-0.806008),fov=25.297394,dt=0.015255},
	{cf=CFrame.new(6.370533,0.033684,-10.416412,-0.779246,-0.155035,0.607239,-0.275123,0.955189,-0.109184,-0.563101,-0.252147,-0.786981),fov=25.820129,dt=0.017491},
	{cf=CFrame.new(6.699829,0.056442,-10.286133,-0.755200,-0.159899,0.635692,-0.277570,0.956561,-0.089143,-0.593825,-0.243770,-0.766778),fov=26.361227,dt=0.015843},
	{cf=CFrame.new(7.007336,0.092781,-10.163818,-0.732540,-0.161837,0.661205,-0.274660,0.959022,-0.069560,-0.622854,-0.232562,-0.746973),fov=27.031063,dt=0.017603},
	{cf=CFrame.new(7.305424,0.134964,-10.044952,-0.710120,-0.162819,0.684995,-0.268989,0.961832,-0.050234,-0.650671,-0.219929,-0.726814),fov=27.677794,dt=0.016423},
	{cf=CFrame.new(7.602558,0.177765,-9.926422,-0.687080,-0.164189,0.707787,-0.262343,0.964479,-0.030933,-0.677567,-0.206937,-0.705748),fov=28.475073,dt=0.017166},
	{cf=CFrame.new(7.718567,0.241547,-9.882843,-0.681076,-0.152820,0.716086,-0.242959,0.969736,-0.024128,-0.690728,-0.190413,-0.697594),fov=28.771749,dt=0.016483},
	{cf=CFrame.new(7.756245,0.314392,-9.871765,-0.682450,-0.135780,0.718209,-0.218123,0.975655,-0.022811,-0.697628,-0.172226,-0.695453),fov=28.764692,dt=0.016223},
	{cf=CFrame.new(7.786087,0.388145,-9.863861,-0.684350,-0.118125,0.719521,-0.192584,0.981031,-0.022114,-0.703261,-0.153702,-0.694118),fov=28.556936,dt=0.016239},
	{cf=CFrame.new(7.815147,0.461998,-9.856293,-0.686095,-0.100372,0.720554,-0.166836,0.985749,-0.021543,-0.708124,-0.134995,-0.693063),fov=28.195093,dt=0.017118},
	{cf=CFrame.new(7.844128,0.535851,-9.848755,-0.687616,-0.082581,0.721362,-0.140945,0.989794,-0.021041,-0.712263,-0.116141,-0.692238),fov=27.542738,dt=0.024709},
	{cf=CFrame.new(7.879585,0.626305,-9.839569,-0.689176,-0.060748,0.722042,-0.109075,0.993822,-0.020496,-0.716337,-0.092882,-0.691545),fov=27.199852,dt=0.013262},
	{cf=CFrame.new(7.810829,0.671867,-9.875244,-0.697369,-0.042779,0.715434,-0.089067,0.995652,-0.027284,-0.711156,-0.082749,-0.698147),fov=26.829491,dt=0.011759},
	{cf=CFrame.new(7.708378,0.719978,-9.931305,-0.708278,-0.021904,0.705593,-0.066491,0.997145,-0.035788,-0.702795,-0.072263,-0.707712),fov=26.198498,dt=0.017245},
	{cf=CFrame.new(7.602837,0.766624,-9.990570,-0.718972,-0.001383,0.695036,-0.044267,0.998059,-0.043806,-0.693627,-0.062263,-0.717639),fov=25.620441,dt=0.015850},
	{cf=CFrame.new(7.496975,0.813126,-10.050201,-0.729263,0.019111,0.683966,-0.022083,0.998432,-0.051443,-0.683877,-0.052620,-0.727698),fov=25.005795,dt=0.016431},
	{cf=CFrame.new(7.394382,0.839043,-10.124695,-0.739343,0.030982,0.672615,-0.008040,0.998463,-0.054830,-0.673281,-0.045946,-0.737958),fov=24.336845,dt=0.017784},
	{cf=CFrame.new(7.293205,0.856064,-10.205597,-0.749275,0.039140,0.661100,0.002446,0.998409,-0.056337,-0.662254,-0.040595,-0.748179),fov=23.733616,dt=0.016420},
	{cf=CFrame.new(7.192181,0.872185,-10.287048,-0.759000,0.046944,0.649395,0.012534,0.998266,-0.057514,-0.650970,-0.035514,-0.758273),fov=23.152851,dt=0.015624},
	{cf=CFrame.new(7.091164,0.888214,-10.368652,-0.768505,0.054728,0.637498,0.022536,0.998032,-0.058511,-0.639447,-0.030599,-0.768227),fov=22.499308,dt=0.017173},
	{cf=CFrame.new(6.990147,0.904236,-10.450226,-0.777785,0.062524,0.625411,0.032483,0.997709,-0.059346,-0.627689,-0.025843,-0.778035),fov=21.898985,dt=0.016015},
	{cf=CFrame.new(6.918999,0.909439,-10.508972,-0.778457,0.064472,0.624377,0.030700,0.997431,-0.064717,-0.626946,-0.031211,-0.778437),fov=21.239729,dt=0.017358},
	{cf=CFrame.new(6.860786,0.909958,-10.557831,-0.775475,0.063919,0.628133,0.023804,0.997115,-0.072079,-0.630929,-0.040944,-0.774760),fov=20.816000,dt=0.017090},
	{cf=CFrame.new(6.803867,0.910004,-10.605652,-0.772131,0.063166,0.632315,0.016340,0.996692,-0.079613,-0.635253,-0.051140,-0.770609),fov=20.559513,dt=0.015716},
	{cf=CFrame.new(6.747078,0.910011,-10.653442,-0.768755,0.062440,0.636487,0.008766,0.996158,-0.087137,-0.639483,-0.061407,-0.766349),fov=20.365940,dt=0.017298},
	{cf=CFrame.new(6.690300,0.910019,-10.701172,-0.765383,0.061764,0.640604,0.001131,0.995512,-0.094632,-0.643574,-0.071706,-0.762018),fov=20.243830,dt=0.016684},
	{cf=CFrame.new(6.633522,0.910019,-10.748932,-0.762018,0.061140,0.644661,-0.006561,0.994753,-0.102097,-0.647522,-0.082029,-0.757620),fov=20.160704,dt=0.017046},
	{cf=CFrame.new(6.576748,0.910019,-10.796692,-0.758663,0.060565,0.648660,-0.014305,0.993881,-0.109530,-0.651325,-0.092376,-0.753155),fov=20.534855,dt=0.017174},
	{cf=CFrame.new(6.631351,0.852310,-10.762848,-0.746433,0.056405,0.663065,-0.026427,0.993103,-0.114231,-0.664935,-0.102789,-0.739795),fov=21.217978,dt=0.017381},
	{cf=CFrame.new(6.734211,0.769600,-10.693695,-0.729949,0.050834,0.681608,-0.040609,0.992243,-0.117491,-0.682294,-0.113442,-0.722223),fov=22.050419,dt=0.016438},
  {cf=CFrame.new(6.841892,0.684387,-10.621033,-0.712590,0.045300,0.700116,-0.055183,0.991202,-0.120301,-0.699407,-0.124360,-0.703822),fov=23.009455,dt=0.016257},
	{cf=CFrame.new(7.392593,0.540840,-10.393036,-0.575335,0.012477,0.817822,-0.074270,0.994956,-0.067428,-0.814538,-0.099534,-0.571507),fov=24.059294,dt=0.016198},
	{cf=CFrame.new(8.135109,0.372093,-10.097809,-0.359094,-0.045021,0.932214,-0.078959,0.996720,0.017720,-0.929956,-0.067244,-0.361471),fov=25.238159,dt=0.017131},
	{cf=CFrame.new(8.896801,0.200836,-9.795898,-0.117753,-0.117095,0.986115,-0.061177,0.991993,0.110487,-0.991157,-0.047317,-0.123973),fov=26.799433,dt=0.016394},
	{cf=CFrame.new(10.267651,0.965385,-9.271790,0.006423,-0.179715,0.983697,-0.036391,0.983024,0.179830,-0.999317,-0.036953,-0.000226),fov=29.580761,dt=0.019313},
	{cf=CFrame.new(11.901886,2.135635,-8.651611,0.075559,-0.236636,0.968655,-0.011541,0.971160,0.238148,-0.997075,-0.029173,0.070649),fov=31.832405,dt=0.013372},
	{cf=CFrame.new(13.562389,3.346420,-8.021820,0.156215,-0.279913,0.947230,-0.040223,0.956406,0.289258,-0.986904,-0.083287,0.138146),fov=35.145878,dt=0.016294},
	{cf=CFrame.new(14.303677,4.091156,-7.704834,0.205450,-0.278317,0.938259,-0.083172,0.950277,0.300094,-0.975127,-0.139691,0.172086),fov=39.011730,dt=0.017808},
	{cf=CFrame.new(14.645580,4.632523,-7.523773,0.237422,-0.259313,0.936155,-0.125458,0.947455,0.294261,-0.963271,-0.187313,0.192414),fov=42.570049,dt=0.016191},
	{cf=CFrame.new(14.959557,5.017868,-7.193634,0.243373,-0.257772,0.935052,-0.081807,0.955148,0.284605,-0.966477,-0.145759,0.211370),fov=44.809166,dt=0.016808},
	{cf=CFrame.new(15.274750,5.342369,-6.794342,0.237145,-0.264706,0.934715,-0.000442,0.962132,0.272583,-0.971475,-0.065055,0.228048),fov=46.013279,dt=0.016484},
	{cf=CFrame.new(15.554031,6.067757,-6.876038,0.257159,-0.254035,0.932381,-0.005805,0.964406,0.264362,-0.966352,-0.073395,0.246531),fov=46.571014,dt=0.016609},
	{cf=CFrame.new(15.760532,6.296104,-7.043304,0.287567,-0.233866,0.928768,-0.059114,0.963547,0.260927,-0.955934,-0.129938,0.263260),fov=46.681229,dt=0.015653},
	{cf=CFrame.new(15.931683,6.187996,-7.027344,0.293822,-0.230086,0.927754,-0.036658,0.967170,0.251471,-0.955157,-0.107898,0.275741),fov=46.500916,dt=0.017095},
	{cf=CFrame.new(16.096298,6.025475,-6.942993,0.288962,-0.234197,0.928252,0.021368,0.970952,0.238319,-0.957102,-0.049030,0.285573),fov=46.119946,dt=0.017064},
	{cf=CFrame.new(16.206833,5.861801,-6.918854,0.299708,-0.225585,0.926977,0.016390,0.972717,0.231417,-0.953890,-0.054165,0.295228),fov=45.626984,dt=0.016382},
	{cf=CFrame.new(16.294132,5.699448,-6.923065,0.317117,-0.210721,0.924679,-0.017312,0.973555,0.227797,-0.948229,-0.088247,0.305083),fov=45.024944,dt=0.016903},
	{cf=CFrame.new(16.379112,5.537231,-6.930145,0.320493,-0.205103,0.924779,-0.005426,0.975864,0.218313,-0.947235,-0.074986,0.311645),fov=44.355526,dt=0.017182},
	{cf=CFrame.new(16.463860,5.375015,-6.937500,0.317594,-0.203832,0.926059,0.027254,0.978181,0.205957,-0.947835,-0.040172,0.316220),fov=43.687191,dt=0.016318},
	{cf=CFrame.new(16.548573,5.212799,-6.944885,0.322630,-0.197452,0.925700,0.034212,0.979793,0.197067,-0.945907,-0.031910,0.322866),fov=42.950413,dt=0.017144},
	{cf=CFrame.new(16.633282,5.050591,-6.952240,0.331293,-0.188687,0.924468,0.029241,0.981383,0.189824,-0.943075,-0.035855,0.330642),fov=42.195107,dt=0.017314},
	{cf=CFrame.new(16.695232,4.831161,-6.975433,0.335562,-0.181040,0.924458,0.031484,0.982966,0.181070,-0.941492,-0.031655,0.335546),fov=41.512058,dt=0.015558},
	{cf=CFrame.new(16.747311,4.586906,-7.005493,0.337840,-0.173983,0.924982,0.037256,0.984468,0.171564,-0.940466,-0.023500,0.339075),fov=40.749912,dt=0.016704},
	{cf=CFrame.new(16.798401,4.340164,-7.036194,0.339936,-0.166989,0.925504,0.043363,0.985846,0.161949,-0.939449,-0.014920,0.342366),fov=39.983833,dt=0.016739},
	{cf=CFrame.new(16.849392,4.093185,-7.066986,0.342027,-0.160006,0.925967,0.049485,0.987096,0.152291,-0.938386,-0.006266,0.345532),fov=39.197281,dt=0.017162},
	{cf=CFrame.new(16.900375,3.846169,-7.097778,0.344132,-0.153030,0.926366,0.055589,0.988219,0.142597,-0.937274,0.002423,0.348584),fov=38.389381,dt=0.017762},
	{cf=CFrame.new(16.951355,3.599152,-7.128571,0.346251,-0.146061,0.926701,0.061671,0.989213,0.132871,-0.936113,0.011144,0.351525),fov=37.698833,dt=0.015445},
	{cf=CFrame.new(16.990322,3.311249,-7.169586,0.347082,-0.138852,0.927498,0.068177,0.990098,0.122711,-0.935353,0.020644,0.353112),fov=36.944916,dt=0.016289},
	{cf=CFrame.new(17.024075,3.005592,-7.215027,0.347366,-0.131531,0.928458,0.074869,0.990843,0.112358,-0.934736,0.030483,0.354033),fov=36.158527,dt=0.016879},
	{cf=CFrame.new(17.057301,2.698158,-7.260895,0.347613,-0.124191,0.929377,0.081573,0.991437,0.101974,-0.934083,0.040364,0.354767),fov=35.336342,dt=0.017778},
	{cf=CFrame.new(17.087933,2.341408,-7.316132,0.347238,-0.116349,0.930531,0.088523,0.991909,0.090990,-0.933590,0.050778,0.354728),fov=34.620743,dt=0.015836},
	{cf=CFrame.new(17.117451,1.963310,-7.375427,0.346609,-0.108277,0.931739,0.095582,0.992222,0.079749,-0.933128,0.061416,0.354262),fov=33.847717,dt=0.016710},
	{cf=CFrame.new(17.146854,1.583061,-7.435089,0.345973,-0.100168,0.932881,0.102653,0.992357,0.068484,-0.932612,0.072070,0.353612),fov=33.082573,dt=0.016567},
	{cf=CFrame.new(17.168465,1.169464,-7.502594,0.345363,-0.091154,0.934031,0.109408,0.992396,0.056396,-0.932070,0.082714,0.352710),fov=32.326481,dt=0.016342},
	{cf=CFrame.new(17.186691,0.741463,-7.573517,0.344778,-0.081739,0.935118,0.116027,0.992273,0.043955,-0.931486,0.093344,0.351598),fov=31.557644,dt=0.016524},
	{cf=CFrame.new(17.145969,0.668556,-7.596588,0.346567,-0.078841,0.934705,0.111533,0.992856,0.042393,-0.931371,0.089558,0.352885),fov=31.036682,dt=0.016723},
	{cf=CFrame.new(17.079758,0.750336,-7.598755,0.349359,-0.078767,0.933672,0.102212,0.993717,0.045587,-0.931397,0.079507,0.355216),fov=30.681694,dt=0.017121},
	{cf=CFrame.new(17.010998,0.847588,-7.598816,0.352269,-0.078943,0.932563,0.092414,0.994501,0.049277,-0.931325,0.068823,0.357628),fov=30.454374,dt=0.016673},
	{cf=CFrame.new(16.941982,0.946381,-7.598694,0.355183,-0.079114,0.931442,0.082566,0.995173,0.053042,-0.931143,0.058066,0.360001),fov=30.312960,dt=0.015562},
	{cf=CFrame.new(16.872940,1.045326,-7.598511,0.358077,-0.079254,0.930322,0.072711,0.995732,0.056840,-0.930857,0.047292,0.362312),fov=30.200504,dt=0.017966},
	{cf=CFrame.new(16.776112,1.114532,-7.610565,0.359489,-0.081649,0.929570,0.065502,0.995915,0.062145,-0.930848,0.038548,0.363369),fov=30.136919,dt=0.015857},
	{cf=CFrame.new(16.598625,1.156235,-7.647644,0.352719,-0.084857,0.931873,0.061182,0.995840,0.067525,-0.933727,0.033197,0.356444),fov=30.090500,dt=0.016951},
	{cf=CFrame.new(16.390133,1.190308,-7.693848,0.342577,-0.088123,0.935347,0.057690,0.995686,0.072678,-0.937717,0.029063,0.346183),fov=30.060659,dt=0.016487},
	{cf=CFrame.new(16.178539,1.223602,-7.740997,0.332062,-0.091428,0.938816,0.054236,0.995495,0.077764,-0.941697,0.025095,0.335525),fov=30.040756,dt=0.016404},
	{cf=CFrame.new(15.966637,1.256828,-7.788177,0.321475,-0.094769,0.942163,0.050741,0.995274,0.082798,-0.945558,0.021189,0.324765),fov=30.026163,dt=0.017902},
	{cf=CFrame.new(15.754704,1.290054,-7.835388,0.310849,-0.098146,0.945377,0.047198,0.995021,0.087780,-0.949287,0.017333,0.313934),fov=30.017677,dt=0.016218},
	{cf=CFrame.new(15.542767,1.323273,-7.882599,0.300190,-0.101558,0.948457,0.043607,0.994738,0.092712,-0.952882,0.013528,0.303040),fov=30.011600,dt=0.017189},
	{cf=CFrame.new(15.262245,1.341919,-7.949554,0.281735,-0.104835,0.953747,0.041605,0.994413,0.097015,-0.958590,0.012348,0.284523),fov=30.007822,dt=0.016285},
	{cf=CFrame.new(14.951923,1.354195,-8.025116,0.259780,-0.108037,0.959605,0.040233,0.994070,0.101026,-0.964830,0.012363,0.262586),fov=29.682692,dt=0.016130},
	{cf=CFrame.new(14.638622,1.365860,-8.101501,0.237350,-0.111217,0.965036,0.038844,0.993717,0.104969,-0.970648,0.012571,0.240179),fov=29.139425,dt=0.016143},
	{cf=CFrame.new(14.256241,1.360619,-8.198181,0.203198,-0.114576,0.972410,0.039212,0.993285,0.108842,-0.978352,0.016013,0.206327),fov=28.401707,dt=0.017241},
	{cf=CFrame.new(13.843933,1.348045,-8.303619,0.163725,-0.117843,0.979442,0.040215,0.992812,0.112729,-0.985686,0.020932,0.167287),fov=27.607347,dt=0.016537},
	{cf=CFrame.new(13.428635,1.334747,-8.410004,0.123476,-0.120900,0.984955,0.041116,0.992322,0.116650,-0.991496,0.026094,0.127499),fov=26.758398,dt=0.016280},
	{cf=CFrame.new(13.012226,1.312347,-8.518188,0.068199,-0.125433,0.989754,0.042437,0.991532,0.122734,-0.996769,0.033632,0.072944),fov=25.809965,dt=0.017192},
	{cf=CFrame.new(12.595440,1.286011,-8.627228,0.006261,-0.130186,0.991469,0.043566,0.990583,0.129794,-0.999031,0.042382,0.011874),fov=24.852539,dt=0.017036},
	{cf=CFrame.new(12.178612,1.259293,-8.736298,-0.056350,-0.134415,0.989321,0.044206,0.989588,0.136969,-0.997432,0.051453,-0.049821),fov=23.840084,dt=0.017747},
	{cf=CFrame.new(11.760162,1.214485,-8.848969,-0.148164,-0.140540,0.978925,0.044777,0.987883,0.148603,-0.987949,0.065851,-0.140075),fov=22.978071,dt=0.015176},
	{cf=CFrame.new(11.341007,1.161819,-8.963226,-0.251227,-0.146042,0.956847,0.044085,0.985800,0.162036,-0.966924,0.082891,-0.241221),fov=21.988564,dt=0.016613},
	{cf=CFrame.new(10.921780,1.108368,-9.077667,-0.352728,-0.149669,0.923678,0.041773,0.983622,0.175334,-0.934793,0.100430,-0.340699),fov=21.589230,dt=0.017284},
	{cf=CFrame.new(10.574165,1.108742,-9.164642,-0.405562,-0.146981,0.902172,0.038896,0.983318,0.177687,-0.913240,0.107154,-0.393079),fov=21.615305,dt=0.016837},
	{cf=CFrame.new(10.257706,1.132545,-9.239655,-0.437818,-0.142091,0.887764,0.036288,0.983835,0.175364,-0.898331,0.108993,-0.425584),fov=21.908754,dt=0.016585},
	{cf=CFrame.new(9.944351,1.158699,-9.313538,-0.467630,-0.137011,0.873240,0.033805,0.984419,0.172557,-0.883278,0.110213,-0.455713),fov=22.358028,dt=0.015769},
	{cf=CFrame.new(9.631313,1.185081,-9.387268,-0.496746,-0.131930,0.857809,0.031419,0.984997,0.169686,-0.867327,0.111243,-0.485149),fov=22.950708,dt=0.016385},
	{cf=CFrame.new(9.318314,1.211479,-9.460999,-0.525308,-0.126870,0.841400,0.029129,0.985561,0.166793,-0.850414,0.112127,-0.514028),fov=23.651340,dt=0.017094},
	{cf=CFrame.new(9.005310,1.237892,-9.534698,-0.553299,-0.121838,0.824023,0.026932,0.986111,0.163887,-0.832547,0.112871,-0.542333),fov=24.397278,dt=0.017093},
	{cf=CFrame.new(8.823917,1.273018,-9.573975,-0.571601,-0.117982,0.812005,0.030993,0.985798,0.165051,-0.819947,0.119510,-0.559826),fov=25.112015,dt=0.015747},
	{cf=CFrame.new(8.699787,1.311928,-9.598175,-0.585717,-0.114511,0.802385,0.037661,0.985055,0.168071,-0.809640,0.128661,-0.572652),fov=25.926628,dt=0.017057},
	{cf=CFrame.new(8.581383,1.351227,-9.620880,-0.599279,-0.110953,0.792814,0.044484,0.984203,0.171362,-0.799304,0.137961,-0.584877),fov=26.798252,dt=0.018108},
	{cf=CFrame.new(8.463551,1.390549,-9.643463,-0.612639,-0.107262,0.783049,0.051217,0.983278,0.174761,-0.788701,0.147171,-0.596902),fov=27.560104,dt=0.016084},
	{cf=CFrame.new(8.345776,1.429886,-9.666016,-0.625829,-0.103438,0.773070,0.057834,0.982284,0.178250,-0.777813,0.156264,-0.608760),fov=28.324183,dt=0.015658},
	{cf=CFrame.new(8.228004,1.469215,-9.688599,-0.638846,-0.099480,0.762875,0.064331,0.981224,0.181826,-0.766640,0.165235,-0.620452),fov=28.875553,dt=0.016451},
	{cf=CFrame.new(8.110241,1.508545,-9.711151,-0.651686,-0.095392,0.752465,0.070705,0.980100,0.185485,-0.755186,0.174081,-0.631974),fov=29.272139,dt=0.017635},
	{cf=CFrame.new(7.992470,1.547882,-9.733673,-0.664344,-0.091175,0.741844,0.076954,0.978913,0.189227,-0.743454,0.182800,-0.643319),fov=29.516834,dt=0.016809},
	{cf=CFrame.new(7.893967,1.575813,-9.753418,-0.673772,-0.090957,0.733319,0.074819,0.978898,0.190160,-0.735142,0.182991,-0.652749),fov=29.682472,dt=0.017141},
	{cf=CFrame.new(7.803841,1.598793,-9.771942,-0.681779,-0.092538,0.725681,0.069086,0.979390,0.189797,-0.728289,0.179534,-0.661335),fov=29.778240,dt=0.015080},
	{cf=CFrame.new(7.714558,1.621269,-9.790344,-0.689571,-0.094328,0.718048,0.063018,0.979905,0.189246,-0.721471,0.175749,-0.669770),fov=29.852036,dt=0.016638},
	{cf=CFrame.new(7.625359,1.643684,-9.808716,-0.697266,-0.096165,0.710332,0.056941,0.980398,0.188620,-0.714547,0.171966,-0.678123),fov=29.901953,dt=0.016868},
	{cf=CFrame.new(7.536167,1.666107,-9.827118,-0.704875,-0.098031,0.702524,0.050890,0.980863,0.187931,-0.707504,0.168219,-0.686397),fov=29.935005,dt=0.016854},
	{cf=CFrame.new(7.446976,1.688530,-9.845490,-0.712398,-0.099926,0.694624,0.044867,0.981300,0.187181,-0.700340,0.164513,-0.694593),fov=29.958628,dt=0.018171},
	{cf=CFrame.new(7.357784,1.710945,-9.863861,-0.719833,-0.101847,0.686634,0.038874,0.981710,0.186369,-0.693058,0.160847,-0.702708),fov=29.971527,dt=0.015594},
	{cf=CFrame.new(7.297646,1.662994,-9.878204,-0.723941,-0.100723,0.682468,0.035562,0.982520,0.182730,-0.688945,0.156556,-0.707705),fov=29.981569,dt=0.017636},
	{cf=CFrame.new(7.250149,1.584381,-9.890869,-0.726628,-0.098282,0.679964,0.033426,0.983486,0.177873,-0.686218,0.151976,-0.711343),fov=29.987696,dt=0.016616},
	{cf=CFrame.new(7.203926,1.502701,-9.903320,-0.729177,-0.095725,0.677596,0.031426,0.984439,0.172891,-0.683603,0.147363,-0.714823),fov=29.991566,dt=0.015728},
	{cf=CFrame.new(7.157825,1.420715,-9.915741,-0.731717,-0.093173,0.675209,0.029457,0.985365,0.167894,-0.680971,0.142741,-0.718265),fov=29.994400,dt=0.016787},
	{cf=CFrame.new(7.111732,1.338699,-9.928192,-0.734260,-0.090638,0.672789,0.027510,0.986260,0.162892,-0.678310,0.138114,-0.721679),fov=29.996277,dt=0.016770},
	{cf=CFrame.new(7.065651,1.256683,-9.940613,-0.736807,-0.088123,0.670335,0.025583,0.987126,0.157888,-0.675619,0.133482,-0.725067),fov=29.997538,dt=0.016930},
	{cf=CFrame.new(7.019566,1.174660,-9.953033,-0.739357,-0.085626,0.667846,0.023676,0.987961,0.152880,-0.672897,0.128845,-0.728429),fov=29.998348,dt=0.016461},
	{cf=CFrame.new(7.038101,1.140923,-9.919952,-0.735389,-0.080815,0.672808,0.025154,0.988923,0.146280,-0.677178,0.124496,-0.725211),fov=29.998899,dt=0.016679},
	{cf=CFrame.new(7.084789,1.128227,-9.867035,-0.728518,-0.074924,0.680915,0.028045,0.989905,0.138929,-0.684452,0.120309,-0.719063),fov=29.999258,dt=0.016285},
	{cf=CFrame.new(7.134293,1.117630,-9.812164,-0.721282,-0.068850,0.689210,0.031013,0.990839,0.131438,-0.691946,0.116179,-0.712540),fov=29.999498,dt=0.016225},
	{cf=CFrame.new(7.184078,1.107246,-9.757111,-0.713939,-0.062685,0.697396,0.033925,0.991718,0.123870,-0.699386,0.112095,-0.705900),fov=29.999668,dt=0.017134},
	{cf=CFrame.new(7.233894,1.096886,-9.701996,-0.706515,-0.056439,0.705443,0.036767,0.992541,0.116232,-0.706742,0.108057,-0.699171),fov=29.999786,dt=0.017736},
	{cf=CFrame.new(7.991566,1.093628,-1.496826,0.111046,-0.135492,0.984535,-0.039103,0.989300,0.140558,-0.993046,-0.054107,0.104560),fov=29.999861,dt=0.017047},
	{cf=CFrame.new(8.318195,1.078476,2.075684,0.479557,-0.124406,0.868647,-0.065135,0.982122,0.176617,-0.875090,-0.141278,0.462881),fov=29.999907,dt=0.016186},
	{cf=CFrame.new(8.353329,1.057098,2.436035,0.513052,-0.120418,0.849868,-0.064844,0.981844,0.178263,-0.855905,-0.146567,0.495929),fov=29.999935,dt=0.015463},
	{cf=CFrame.new(8.359318,1.035103,2.475220,0.516099,-0.118984,0.848223,-0.062752,0.982391,0.175986,-0.854227,-0.144054,0.499545),fov=29.999958,dt=0.017232},
	{cf=CFrame.new(8.362385,1.013039,2.482208,0.516143,-0.117816,0.848360,-0.060483,0.983008,0.173314,-0.854364,-0.140766,0.500247),fov=29.999973,dt=0.015880},
	{cf=CFrame.new(8.367996,1.001320,2.477417,0.516375,-0.113628,0.848790,-0.061608,0.983661,0.169163,-0.854144,-0.139644,0.500938),fov=29.999983,dt=0.016799},
	{cf=CFrame.new(8.374805,0.994110,2.468536,0.516772,-0.108111,0.849268,-0.064222,0.984304,0.164379,-0.853710,-0.139489,0.501719),fov=29.999990,dt=0.017979},
	{cf=CFrame.new(8.381737,0.987350,2.459259,0.517167,-0.102458,0.849729,-0.066989,0.984918,0.159529,-0.853259,-0.139426,0.502504),fov=29.999992,dt=0.015552},
	{cf=CFrame.new(8.388680,0.980637,2.449982,0.517543,-0.096788,0.850164,-0.069774,0.985499,0.154670,-0.852807,-0.139368,0.503285),fov=29.999992,dt=0.017264},
	{cf=CFrame.new(8.395622,0.973923,2.440643,0.517898,-0.091113,0.850576,-0.072563,0.986049,0.149807,-0.852359,-0.139306,0.504062),fov=29.999992,dt=0.016877},
	{cf=CFrame.new(8.402069,0.971176,2.430695,0.512153,-0.092136,0.853938,-0.074714,0.985682,0.151161,-0.855638,-0.141219,0.497936),fov=29.999992,dt=0.016754},
	{cf=CFrame.new(8.408306,0.970154,2.420502,0.503714,-0.096098,0.858508,-0.076619,0.984907,0.155202,-0.860466,-0.143956,0.488749),fov=29.999992,dt=0.016035},
	{cf=CFrame.new(8.414516,0.969307,2.410248,0.494960,-0.100375,0.863098,-0.078541,0.984071,0.159485,-0.865359,-0.146727,0.479192),fov=29.999992,dt=0.016552},
	{cf=CFrame.new(8.420727,0.968483,2.400024,0.486131,-0.104703,0.867590,-0.080503,0.983209,0.163764,-0.870170,-0.149454,0.469541),fov=29.999992,dt=0.017139},
	{cf=CFrame.new(8.426937,0.967651,2.389771,0.477253,-0.109054,0.871972,-0.082508,0.982326,0.168014,-0.874884,-0.152130,0.459821),fov=29.999992,dt=0.016758},
	{cf=CFrame.new(8.429581,0.978996,2.381134,0.474188,-0.115980,0.872750,-0.081278,0.981286,0.174564,-0.876664,-0.153712,0.455887),fov=29.999992,dt=0.015251},
	{cf=CFrame.new(8.430668,0.995651,2.373199,0.473643,-0.124016,0.871941,-0.078632,0.980128,0.182117,-0.877200,-0.154821,0.454479),fov=29.999992,dt=0.018375},
	{cf=CFrame.new(8.431595,1.012833,2.365295,0.473319,-0.132155,0.870921,-0.075849,0.978896,0.189761,-0.877620,-0.155876,0.453307),fov=29.999992,dt=0.015774},
	{cf=CFrame.new(8.432507,1.030067,2.357422,0.472986,-0.140296,0.869827,-0.073056,0.977596,0.197404,-0.878036,-0.156916,0.452140),fov=29.999992,dt=0.016569},
	{cf=CFrame.new(8.433422,1.047310,2.349548,0.472621,-0.148429,0.868676,-0.070269,0.976228,0.205037,-0.878460,-0.157946,0.450957),fov=29.999992,dt=0.016677},
	{cf=CFrame.new(8.364643,1.068802,2.403351,0.477315,-0.154162,0.865103,-0.073988,0.973944,0.214380,-0.875612,-0.166334,0.453473),fov=29.999992,dt=0.016825},
	{cf=CFrame.new(8.265453,1.092148,2.484009,0.484210,-0.158774,0.860425,-0.080481,0.971146,0.224497,-0.871243,-0.177951,0.457460),fov=29.999992,dt=0.016574},
	{cf=CFrame.new(8.163219,1.115685,2.567383,0.491304,-0.163185,0.855564,-0.087177,0.968146,0.234719,-0.866615,-0.189904,0.461428),fov=29.999992,dt=0.017912},
	{cf=CFrame.new(8.060688,1.139244,2.651062,0.498396,-0.167489,0.850616,-0.093819,0.964979,0.244978,-0.861858,-0.201901,0.465228),fov=30.401262,dt=0.016051},
	{cf=CFrame.new(7.480644,1.128700,2.897583,0.543169,-0.210749,0.812743,-0.096802,0.945812,0.309950,-0.834024,-0.247031,0.493336),fov=31.034576,dt=0.015088},
	{cf=CFrame.new(6.692188,1.103279,3.215210,0.601074,-0.266736,0.753366,-0.093025,0.912900,0.397441,-0.793761,-0.308973,0.523908),fov=31.974375,dt=0.017305},
	{cf=CFrame.new(5.882881,1.076370,3.539917,0.655982,-0.318378,0.684341,-0.082746,0.870881,0.484479,-0.750227,-0.374436,0.544938),fov=33.010067,dt=0.017115},
	{cf=CFrame.new(5.169594,0.947540,3.967682,0.751562,-0.289201,0.592887,-0.057965,0.866346,0.496069,-0.657110,-0.407195,0.634350),fov=34.455364,dt=0.017486},
	{cf=CFrame.new(4.498920,0.774284,4.440186,0.849234,-0.225095,0.477632,-0.032613,0.880492,0.472939,-0.527007,-0.417213,0.740403),fov=36.124645,dt=0.017279},
	{cf=CFrame.new(3.832508,0.596565,4.917145,0.925420,-0.157615,0.344608,-0.012718,0.895963,0.443946,-0.378729,-0.415219,0.827139),fov=37.928120,dt=0.017001},
	{cf=CFrame.new(3.166527,0.418411,5.394623,0.975835,-0.091327,0.198506,0.001219,0.910728,0.413006,-0.218504,-0.402784,0.888832),fov=39.503395,dt=0.013957},
	{cf=CFrame.new(2.500584,0.240204,5.872070,0.998640,-0.028080,0.043918,0.009215,0.924336,0.381468,-0.051306,-0.380545,0.923338),fov=41.512920,dt=0.016177},
	{cf=CFrame.new(1.834648,0.062012,6.349548,0.992962,0.030630,-0.114396,0.011478,0.936534,0.350390,0.117868,-0.349237,0.929592),fov=43.708431,dt=0.017303},
	{cf=CFrame.new(1.168709,-0.116203,6.827026,0.958793,0.083472,-0.271563,0.008388,0.947130,0.320740,0.283979,-0.309802,0.907403),fov=45.877888,dt=0.017241},
	{cf=CFrame.new(0.502777,-0.294403,7.304535,0.896979,0.129291,-0.422742,0.000482,0.955989,0.293402,0.442071,-0.263380,0.857441),fov=47.420025,dt=0.016102},
	{cf=CFrame.new(0.219528,-0.481194,7.268951,0.876963,0.130035,-0.462629,-0.009930,0.967392,0.253089,0.480455,-0.217356,0.849659),fov=48.699680,dt=0.016350},
	{cf=CFrame.new(0.103439,-0.671700,7.009369,0.882682,0.113644,-0.456022,-0.019683,0.978411,0.205727,0.469557,-0.172616,0.865864),fov=49.862556,dt=0.017618},
	{cf=CFrame.new(0.004070,-0.862595,6.727356,0.890858,0.096256,-0.443965,-0.028435,0.987193,0.156975,0.453390,-0.127219,0.882187),fov=50.718426,dt=0.015261},
	{cf=CFrame.new(-0.093632,-1.053528,6.443115,0.899048,0.079410,-0.430588,-0.036241,0.993538,0.107561,0.436347,-0.081097,0.896117),fov=51.599976,dt=0.016856},
	{cf=CFrame.new(-0.191162,-1.244461,6.158630,0.906999,0.063284,-0.416349,-0.043112,0.997404,0.057685,0.418919,-0.034371,0.907373),fov=52.457088,dt=0.017856},
	{cf=CFrame.new(-0.478470,-1.271339,5.825287,0.877507,0.039997,-0.477892,-0.042089,0.999094,0.006335,0.477713,0.014555,0.878396),fov=53.181854,dt=0.016401},
	{cf=CFrame.new(-0.848694,-1.226555,5.470642,0.823536,0.009320,-0.567186,-0.042511,0.998067,-0.045325,0.565668,0.061439,0.822341),fov=53.885574,dt=0.016354},
	{cf=CFrame.new(-1.227215,-1.174606,5.113831,0.758102,-0.026208,-0.651608,-0.048233,0.994202,-0.096103,0.650349,0.104285,0.752443),fov=54.831295,dt=0.022364},
	{cf=CFrame.new(-1.606564,-1.121933,4.756805,0.683589,-0.065732,-0.726901,-0.059411,0.987620,-0.145179,0.727445,0.142428,0.671221),fov=55.247818,dt=0.011347},
	{cf=CFrame.new(-1.985992,-1.069191,4.399780,0.601212,-0.108598,-0.791675,-0.075836,0.978496,-0.191817,0.795483,0.175361,0.580049),fov=55.898705,dt=0.015605},
	{cf=CFrame.new(-2.365433,-1.016441,4.042755,0.512150,-0.154143,-0.844950,-0.097204,0.967041,-0.235334,0.853378,0.202659,0.480288),fov=56.589916,dt=0.016447},
	{cf=CFrame.new(-2.548672,-1.036545,3.897858,0.487697,-0.175563,-0.855177,-0.092131,0.963750,-0.250394,0.868138,0.200904,0.453843),fov=57.303802,dt=0.017188},
	{cf=CFrame.new(-2.646141,-1.088493,3.845764,0.492877,-0.185895,-0.850008,-0.074112,0.964391,-0.253885,0.866937,0.188130,0.461550),fov=58.007862,dt=0.017345},
	{cf=CFrame.new(-2.735039,-1.143639,3.802887,0.500769,-0.195281,-0.843264,-0.054709,0.965130,-0.255991,0.863850,0.174327,0.472624),fov=58.691097,dt=0.017148},
	{cf=CFrame.new(-2.823082,-1.199089,3.760956,0.508656,-0.204725,-0.836275,-0.035113,0.965577,-0.257736,0.860254,0.160464,0.483959),fov=59.161831,dt=0.017982},
	{cf=CFrame.new(-2.911034,-1.254578,3.719147,0.516265,-0.214321,-0.829178,-0.015451,0.965693,-0.259227,0.856290,0.146642,0.495242),fov=59.413277,dt=0.015000},
	{cf=CFrame.new(-2.984482,-1.246590,3.464111,0.534269,-0.205011,-0.820077,0.017323,0.972596,-0.231854,0.845137,0.109666,0.523180),fov=59.601765,dt=0.016063},
	{cf=CFrame.new(-3.066528,-1.202118,3.035187,0.561808,-0.184608,-0.806406,0.063451,0.981527,-0.180493,0.824830,0.050235,0.563145),fov=59.753559,dt=0.019059},
	{cf=CFrame.new(-3.127956,-1.146530,2.624542,0.597302,-0.164238,-0.785019,0.104582,0.986400,-0.126796,0.795169,-0.006363,0.606356),fov=62.163155,dt=0.022964},
	{cf=CFrame.new(-3.086952,-1.027069,2.270477,0.684167,-0.135898,-0.716551,0.129159,0.989534,-0.064348,0.717797,-0.048525,0.694559),fov=70.812462,dt=0.033689},
	{cf=CFrame.new(-3.004074,-0.890129,1.971130,0.748416,-0.121829,-0.651944,0.147059,0.988998,-0.015994,0.646720,-0.083904,0.758098),fov=74.557892,dt=0.023593},
	{cf=CFrame.new(-2.926540,-0.796516,1.828003,0.770330,-0.123200,-0.625630,0.157806,0.987470,-0.000150,0.617810,-0.098613,0.780120),fov=75.768997,dt=0.020582},
	{cf=CFrame.new(-2.832237,-0.687271,1.672180,0.791353,-0.127085,-0.598004,0.169951,0.985331,0.015502,0.587262,-0.113899,0.801343),fov=75.924377,dt=0.016151},
	{cf=CFrame.new(-2.753559,-0.596428,1.543365,0.807764,-0.130855,-0.574798,0.179669,0.983310,0.028635,0.561458,-0.126404,0.817794),fov=75.568810,dt=0.019233},
	{cf=CFrame.new(-2.693760,-0.527405,1.445587,0.819696,-0.133984,-0.556907,0.186810,0.981630,0.038795,0.541479,-0.135836,0.829668),fov=75.099228,dt=0.012909},
	{cf=CFrame.new(-2.583595,-0.322403,1.311890,0.820002,-0.154685,-0.551061,0.216247,0.975155,0.048054,0.529937,-0.158570,0.833080),fov=74.294785,dt=0.015475},
	{cf=CFrame.new(-2.456612,-0.063904,1.170929,0.813340,-0.182495,-0.552424,0.254590,0.965432,0.055902,0.523127,-0.186109,0.831686),fov=73.343033,dt=0.015629},
	{cf=CFrame.new(-2.327942,0.199928,1.029236,0.804842,-0.210673,-0.554838,0.293431,0.953872,0.063461,0.515875,-0.213883,0.829535),fov=72.223213,dt=0.016749},
	{cf=CFrame.new(-2.199097,0.464310,0.887512,0.795054,-0.238506,-0.557676,0.331872,0.940661,0.070833,0.507691,-0.241393,0.827031),fov=70.980263,dt=0.017893},
	{cf=CFrame.new(-2.070240,0.728737,0.745758,0.784049,-0.265877,-0.560870,0.369766,0.925844,0.078011,0.498537,-0.268555,0.824220),fov=69.849556,dt=0.016245},
	{cf=CFrame.new(-1.985321,0.791428,0.624664,0.760822,-0.284738,-0.583158,0.393675,0.916883,0.065926,0.515916,-0.279732,0.809679),fov=68.658806,dt=0.016540},
	{cf=CFrame.new(-1.919632,0.765831,0.512573,0.731313,-0.299729,-0.612652,0.410861,0.910589,0.044948,0.544403,-0.284586,0.789073),fov=67.388168,dt=0.017364},
	{cf=CFrame.new(-1.855865,0.731392,0.401428,0.699805,-0.314032,-0.641603,0.426459,0.904225,0.022572,0.573066,-0.289414,0.766704),fov=66.197685,dt=0.016361},
	{cf=CFrame.new(-1.792294,0.696075,0.290375,0.666805,-0.327922,-0.669206,0.440973,0.897520,-0.000409,0.600761,-0.294829,0.743077),fov=64.995880,dt=0.016251},
	{cf=CFrame.new(-1.728737,0.660683,0.179321,0.632426,-0.341393,-0.695332,0.454431,0.890462,-0.023877,0.627319,-0.300880,0.718292),fov=63.716599,dt=0.017076},
	{cf=CFrame.new(-1.683620,0.601227,0.060486,0.618113,-0.345914,-0.705888,0.445684,0.893914,-0.047790,0.647535,-0.285064,0.706709),fov=62.436699,dt=0.017219},
	{cf=CFrame.new(-1.646584,0.531250,-0.061798,0.612815,-0.346821,-0.710051,0.427102,0.901360,-0.071651,0.664862,-0.259355,0.700495),fov=61.350601,dt=0.016231},
	{cf=CFrame.new(-1.610348,0.460220,-0.184387,0.608272,-0.347533,-0.713600,0.407113,0.908385,-0.095374,0.681369,-0.232503,0.694031),fov=60.326847,dt=0.016154},
	{cf=CFrame.new(-1.574196,0.389084,-0.307007,0.603653,-0.348402,-0.717090,0.386573,0.914559,-0.118923,0.697255,-0.205420,0.686759),fov=59.320251,dt=0.016479},
	{cf=CFrame.new(-1.538048,0.317940,-0.429657,0.598876,-0.349467,-0.720569,0.365585,0.919841,-0.142268,0.712527,-0.178228,0.678631),fov=58.314194,dt=0.017014},
	{cf=CFrame.new(-1.493004,0.255035,-0.586426,0.604856,-0.341600,-0.719345,0.339098,0.927816,-0.155469,0.720529,-0.149892,0.677032),fov=57.283138,dt=0.018028},
	{cf=CFrame.new(-1.444061,0.195740,-0.758118,0.615182,-0.329476,-0.716237,0.310077,0.936386,-0.164418,0.724847,-0.120942,0.678211),fov=56.417095,dt=0.015817},
	{cf=CFrame.new(-1.394722,0.136810,-0.931274,0.625473,-0.316610,-0.713120,0.280557,0.944102,-0.173086,0.728060,-0.091811,0.679338),fov=55.532124,dt=0.015913},
	{cf=CFrame.new(-1.345352,0.077927,-1.104645,0.635287,-0.303381,-0.710189,0.250770,0.950813,-0.181849,0.730427,-0.062568,0.680119),fov=54.614624,dt=0.016356},
	{cf=CFrame.new(-1.295971,0.019020,-1.278015,0.644575,-0.289845,-0.707468,0.220766,0.956496,-0.190729,0.731973,-0.033246,0.680522),fov=53.650726,dt=0.017234},
	{cf=CFrame.new(-1.246593,-0.039864,-1.451324,0.653325,-0.276028,-0.704964,0.190579,0.961142,-0.199715,0.732698,-0.003873,0.680543),fov=52.723919,dt=0.016902},
	{cf=CFrame.new(-1.187717,-0.117958,-1.662750,0.678590,-0.228250,-0.698152,0.169479,0.973500,-0.153540,0.714697,-0.014132,0.699291),fov=51.813816,dt=0.016706},
	{cf=CFrame.new(-1.124687,-0.204445,-1.890839,0.709218,-0.165459,-0.685297,0.149863,0.985235,-0.082782,0.688877,-0.043990,0.723543),fov=50.643738,dt=0.016809},
	{cf=CFrame.new(-1.061237,-0.291786,-2.120605,0.737988,-0.101328,-0.667162,0.127610,0.991779,-0.009474,0.662638,-0.078145,0.744852),fov=49.372597,dt=0.015981},
	{cf=CFrame.new(-1.152512,-0.242691,-1.897125,0.783808,-0.057389,-0.618344,0.129894,0.988846,0.072877,0.607266,-0.137441,0.782521),fov=47.863132,dt=0.017261},
	{cf=CFrame.new(-1.349079,-0.107788,-1.375031,0.843752,-0.021125,-0.536316,0.138657,0.973886,0.179779,0.518514,-0.226053,0.824648),fov=46.206638,dt=0.018284},
	{cf=CFrame.new(-1.481201,-0.016296,-1.022980,0.878418,-0.003031,-0.477883,0.139055,0.958333,0.249524,0.457215,-0.285638,0.842239),fov=44.812786,dt=0.015351},
	{cf=CFrame.new(-1.758495,0.106705,-0.322479,0.871140,0.024512,-0.490422,0.146522,0.940276,0.307265,0.468664,-0.339529,0.815521),fov=43.185497,dt=0.016906},
	{cf=CFrame.new(-2.088902,0.236206,0.502716,0.841738,0.058417,-0.536715,0.161106,0.921656,0.352981,0.515287,-0.383586,0.766382),fov=42.338078,dt=0.016111},
	{cf=CFrame.new(-2.424622,0.366348,1.340393,0.807121,0.095263,-0.582649,0.179124,0.900863,0.395424,0.562557,-0.423522,0.710042),fov=41.930012,dt=0.016629},
	{cf=CFrame.new(-2.760872,0.496559,2.179291,0.769313,0.134380,-0.624579,0.199987,0.877842,0.435200,0.606764,-0.459713,0.648461),fov=41.841297,dt=0.016844},
	{cf=CFrame.new(-2.826283,0.514519,2.555511,0.751893,0.155842,-0.640600,0.194982,0.875630,0.441876,0.629792,-0.457149,0.627994),fov=41.968800,dt=0.016736},
	{cf=CFrame.new(-2.772961,0.483276,2.728851,0.743878,0.168823,-0.646640,0.177726,0.882756,0.434919,0.644251,-0.438452,0.626659),fov=42.241573,dt=0.016859},
	{cf=CFrame.new(-2.707760,0.447121,2.881897,0.736499,0.180793,-0.651829,0.159050,0.890321,0.426651,0.657474,-0.417902,0.626966),fov=42.602970,dt=0.016551},
	{cf=CFrame.new(-2.641376,0.410461,3.032928,0.728863,0.192496,-0.657040,0.140069,0.897440,0.418308,0.670178,-0.396921,0.627149),fov=43.009003,dt=0.015788},
	{cf=CFrame.new(-2.574871,0.373764,3.183777,0.720883,0.203999,-0.662353,0.120907,0.904026,0.410023,0.682429,-0.375662,0.627033),fov=43.504536,dt=0.017261},
	{cf=CFrame.new(-2.508354,0.337059,3.334595,0.712551,0.215298,-0.667770,0.101587,0.910068,0.401817,0.694227,-0.354152,0.626598),fov=43.997391,dt=0.016478},
	{cf=CFrame.new(-2.441833,0.300354,3.485413,0.703870,0.226384,-0.673288,0.082124,0.915563,0.393700,0.705566,-0.332407,0.625846),fov=44.636375,dt=0.017402},
	{cf=CFrame.new(-2.208786,0.253105,3.611847,0.719106,0.219257,-0.659403,0.065157,0.923462,0.378116,0.691839,-0.314871,0.649781),fov=45.273823,dt=0.015699},
	{cf=CFrame.new(-1.902706,0.201241,3.727661,0.744166,0.204697,-0.635858,0.049934,0.932182,0.358530,0.666126,-0.298557,0.683477),fov=46.018986,dt=0.016736},
	{cf=CFrame.new(-1.589321,0.148926,3.842377,0.769247,0.189968,-0.610057,0.035623,0.940544,0.337798,0.637957,-0.281582,0.716744),fov=46.814400,dt=0.017184},
	{cf=CFrame.new(-1.275208,0.096558,3.956970,0.793344,0.175818,-0.582831,0.022154,0.948415,0.316256,0.608370,-0.263812,0.748525),fov=47.602978,dt=0.016762},
	{cf=CFrame.new(-0.961021,0.044189,4.071533,0.816313,0.162352,-0.554323,0.009544,0.955763,0.293982,0.577531,-0.245272,0.778653),fov=48.418945,dt=0.017020},
	{cf=CFrame.new(-0.706242,-0.047653,4.172546,0.847693,0.130802,-0.514108,-0.008627,0.972396,0.233179,0.530417,-0.193229,0.825422),fov=50.833115,dt=0.015922},
	{cf=CFrame.new(-0.477512,-0.156799,4.267609,0.880529,0.094443,-0.464487,-0.025002,0.987839,0.153457,0.473331,-0.123510,0.872183),fov=54.436447,dt=0.016134},
	{cf=CFrame.new(-0.251385,-0.267662,4.362091,0.910188,0.061663,-0.409578,-0.036075,0.996900,0.069917,0.412620,-0.048863,0.909592),fov=58.947464,dt=0.016629},
	{cf=CFrame.new(-0.038479,-0.063873,4.424927,0.931612,0.042307,-0.360981,-0.055415,0.998124,-0.026034,0.359203,0.044258,0.932210),fov=65.331795,dt=0.021207},
	{cf=CFrame.new(0.168720,0.278030,4.473938,0.948542,0.031714,-0.315056,-0.075495,0.988929,-0.127747,0.307517,0.144958,0.940436),fov=69.238487,dt=0.013317},
	{cf=CFrame.new(0.375347,0.633751,4.521545,0.962866,0.026476,-0.268676,-0.090738,0.969024,-0.229692,0.254272,0.245542,0.935444),fov=72.898201,dt=0.015558},
	{cf=CFrame.new(0.581909,0.990860,4.568970,0.974674,0.026236,-0.222082,-0.100473,0.938593,-0.330073,0.199785,0.344027,0.917459),fov=76.082985,dt=0.017495},
	{cf=CFrame.new(0.788475,1.348091,4.616455,0.983929,0.030881,-0.175870,-0.104594,0.897946,-0.427496,0.144721,0.439021,0.886745),fov=78.283905,dt=0.015909},
	{cf=CFrame.new(0.995037,1.705360,4.663910,0.990609,0.040260,-0.130661,-0.103117,0.847524,-0.520643,0.089777,0.529228,0.843717),fov=80.184448,dt=0.016624},
	{cf=CFrame.new(1.387848,1.896652,4.611450,0.992796,0.087758,-0.081568,-0.119000,0.801370,-0.586212,0.013921,0.591696,0.806041),fov=82.949135,dt=0.028706},
	{cf=CFrame.new(1.590019,1.952942,4.572174,0.991527,0.114988,-0.060429,-0.127850,0.781542,-0.610612,-0.022985,0.613165,0.789621),fov=83.786217,dt=0.013719},
	{cf=CFrame.new(1.990311,2.045296,4.488708,0.985070,0.170691,-0.022371,-0.143489,0.742304,-0.654520,-0.095115,0.647958,0.755714),fov=86.118752,dt=0.027677},
	{cf=CFrame.new(2.193226,2.091698,4.446320,0.979912,0.199379,-0.004433,-0.149805,0.721228,-0.676305,-0.131644,0.663384,0.736608),fov=87.013550,dt=0.015528},
	{cf=CFrame.new(2.317368,2.227905,4.396484,0.976409,0.213322,0.033418,-0.131784,0.711347,-0.690375,-0.171044,0.669686,0.722679),fov=88.037498,dt=0.017143},
	{cf=CFrame.new(2.395199,2.400894,4.345886,0.972456,0.219261,0.079082,-0.102755,0.707805,-0.698895,-0.209215,0.671519,0.710840),fov=88.693665,dt=0.013790},
	{cf=CFrame.new(2.468403,2.577568,4.295227,0.966376,0.224587,0.125212,-0.072365,0.704816,-0.705690,-0.246740,0.672901,0.697370),fov=89.503868,dt=0.018933},
	{cf=CFrame.new(2.557499,2.794449,4.233124,0.955859,0.231315,0.181177,-0.034671,0.701110,-0.712210,-0.291770,0.674491,0.678183),fov=90.097122,dt=0.016988},
	{cf=CFrame.new(2.615471,2.935661,4.192688,0.947212,0.235870,0.217149,-0.009970,0.698650,-0.715394,-0.320452,0.675466,0.664121),fov=90.532867,dt=0.013881},
	{cf=CFrame.new(2.686687,3.109154,4.143036,0.934672,0.241680,0.260727,0.020490,0.695547,-0.718188,-0.354919,0.676613,0.645157),fov=91.075714,dt=0.017506},
	{cf=CFrame.new(2.879204,3.291344,4.015045,0.913849,0.245844,0.323172,0.069257,0.689853,-0.720629,-0.400103,0.680929,0.613395),fov=91.520638,dt=0.015619},
	{cf=CFrame.new(3.124554,3.476242,3.852997,0.885412,0.250048,0.391817,0.125793,0.682602,-0.719883,-0.447460,0.686681,0.572930),fov=92.035095,dt=0.018426},
	{cf=CFrame.new(3.319107,3.610184,3.722961,0.858563,0.245770,0.449962,0.179902,0.677408,-0.713269,-0.480109,0.693336,0.537383),fov=92.460403,dt=0.016380},
	{cf=CFrame.new(3.489552,3.721634,3.608124,0.831124,0.238181,0.502495,0.232152,0.672503,-0.702741,-0.505309,0.700721,0.503640),fov=92.875420,dt=0.016091},
	{cf=CFrame.new(3.657589,3.830833,3.494812,0.800688,0.231045,0.552734,0.283403,0.666790,-0.689257,-0.527807,0.708527,0.468412),fov=93.013802,dt=0.016622},
	{cf=CFrame.new(3.825382,3.939819,3.381714,0.767123,0.224167,0.601057,0.333656,0.660823,-0.672300,-0.547900,0.716284,0.432138),fov=92.954948,dt=0.016306},
	{cf=CFrame.new(3.993153,4.048767,3.268616,0.730528,0.217960,0.647164,0.382669,0.654259,-0.652311,-0.565591,0.724182,0.394548),fov=92.749451,dt=0.017716},
	{cf=CFrame.new(4.119129,4.100479,3.195282,0.699141,0.192708,0.688524,0.431808,0.653728,-0.621435,-0.569863,0.731781,0.373835),fov=92.471352,dt=0.016697},
	{cf=CFrame.new(4.226746,4.127029,3.139496,0.668263,0.159190,0.726693,0.480048,0.653965,-0.584708,-0.568312,0.739587,0.360602),fov=92.136292,dt=0.016538},
	{cf=CFrame.new(4.332516,4.151062,3.085449,0.634723,0.125374,0.762500,0.526596,0.651974,-0.545551,-0.565529,0.747804,0.347802),fov=91.750473,dt=0.016977},
	{cf=CFrame.new(4.438110,4.174850,3.031555,0.598327,0.092224,0.795926,0.571198,0.647528,-0.504420,-0.561904,0.756440,0.334756),fov=91.370010,dt=0.015737},
	{cf=CFrame.new(4.543682,4.198601,2.977692,0.559185,0.059988,0.826869,0.613666,0.640663,-0.461482,-0.557428,0.765475,0.321437),fov=90.944481,dt=0.016536},
	{cf=CFrame.new(4.649254,4.222351,2.923859,0.517446,0.028840,0.855229,0.653823,0.631447,-0.416881,-0.552055,0.774883,0.307884),fov=90.516983,dt=0.016199},
	{cf=CFrame.new(4.711452,4.220802,2.881104,0.467910,-0.011456,0.883701,0.694577,0.623044,-0.359694,-0.546464,0.782103,0.299486),fov=90.055008,dt=0.017106},
	{cf=CFrame.new(4.754597,4.208138,2.843262,0.412763,-0.054817,0.909187,0.733118,0.612353,-0.295910,-0.540523,0.788682,0.292944),fov=89.618759,dt=0.016197},
	{cf=CFrame.new(4.795830,4.194366,2.805939,0.354203,-0.096794,0.930145,0.767766,0.597972,-0.230141,-0.533925,0.795651,0.286119),fov=89.158928,dt=0.016797},
	{cf=CFrame.new(4.785019,4.175156,2.772430,0.285897,-0.141158,0.947806,0.799354,0.580618,-0.154646,-0.528484,0.801846,0.278832),fov=88.689362,dt=0.017172},
	{cf=CFrame.new(4.751381,4.153610,2.740601,0.211555,-0.184632,0.959768,0.825731,0.559129,-0.074449,-0.522889,0.808261,0.270743),fov=88.236084,dt=0.016714},
	{cf=CFrame.new(4.715466,4.131828,2.708923,0.134331,-0.224911,0.965075,0.845874,0.533342,0.006557,-0.516190,0.815452,0.261891),fov=87.776009,dt=0.016901},
	{cf=CFrame.new(4.679317,4.110023,2.677277,0.055094,-0.261396,0.963657,0.859501,0.503596,0.087464,-0.508157,0.823446,0.252416),fov=87.338135,dt=0.016106},
	{cf=CFrame.new(4.643147,4.088219,2.645630,-0.025503,-0.293696,0.955558,0.866433,0.470297,0.167673,-0.498641,0.832204,0.242474),fov=86.887215,dt=0.016340},
	{cf=CFrame.new(4.606976,4.066414,2.613983,-0.106814,-0.321477,0.940873,0.866556,0.433886,0.246627,-0.487517,0.841663,0.232233),fov=86.433052,dt=0.016370},
	{cf=CFrame.new(4.456070,4.041580,2.599457,-0.203058,-0.342952,0.917142,0.857060,0.390704,0.335854,-0.473513,0.854245,0.214595),fov=85.890427,dt=0.018944},
	{cf=CFrame.new(4.254696,4.015404,2.592377,-0.304412,-0.356878,0.883159,0.836491,0.343353,0.427073,-0.455648,0.868762,0.194005),fov=85.444099,dt=0.016070},
	{cf=CFrame.new(4.021236,3.988419,2.602997,-0.404193,-0.359537,0.841047,0.805810,0.295095,0.513408,-0.432779,0.885241,0.170443),fov=84.997749,dt=0.015482},
	{cf=CFrame.new(3.775383,3.961128,2.621155,-0.500050,-0.353096,0.790741,0.765386,0.246972,0.594298,-0.405135,0.902401,0.146757),fov=84.482498,dt=0.017241},
	{cf=CFrame.new(3.528282,3.933792,2.640045,-0.590445,-0.339083,0.732391,0.715629,0.199614,0.669350,-0.373161,0.919335,0.124797),fov=83.991135,dt=0.016621},
	{cf=CFrame.new(3.271408,3.902908,2.675598,-0.672706,-0.317251,0.668444,0.657999,0.156653,0.736544,-0.338383,0.935314,0.103370),fov=83.486214,dt=0.016990},
	{cf=CFrame.new(3.010277,3.870445,2.718475,-0.746925,-0.288786,0.598919,0.593282,0.117218,0.796415,-0.300198,0.950191,0.083779),fov=82.961494,dt=0.015965},
	{cf=CFrame.new(2.748718,3.837830,2.762085,-0.812861,-0.254368,0.523978,0.522034,0.080834,0.849086,-0.258336,0.963724,0.067082),fov=82.325790,dt=0.017848},
	{cf=CFrame.new(2.487118,3.805191,2.805756,-0.869773,-0.214432,0.444423,0.445075,0.047996,0.894206,-0.213077,0.975559,0.053693),fov=81.533447,dt=0.021917},
	{cf=CFrame.new(2.225510,3.772560,2.849426,-0.916969,-0.169476,0.361171,0.363322,0.019251,0.931465,-0.164813,0.985347,0.043922),fov=81.128654,dt=0.012065},
	{cf=CFrame.new(1.963902,3.739922,2.893066,-0.953863,-0.120069,0.275187,0.277759,-0.004903,0.960638,-0.113994,0.992754,0.038028),fov=80.566536,dt=0.014524},
	{cf=CFrame.new(1.714565,3.693077,2.963562,-0.978376,-0.065265,0.196262,0.197729,-0.016772,0.980113,-0.060675,0.997727,0.029314),fov=79.869209,dt=0.017131},
	{cf=CFrame.new(1.470634,3.639977,3.045807,-0.992825,-0.009324,0.119207,0.119379,-0.020689,0.992633,-0.006789,0.999743,0.021654),fov=79.134560,dt=0.016361},
	{cf=CFrame.new(1.227245,3.586243,3.129303,-0.998104,0.046066,0.040813,0.039943,-0.019656,0.999009,0.046823,0.998745,0.017779),fov=78.357178,dt=0.016078},
	{cf=CFrame.new(0.983906,3.532455,3.212860,-0.994248,0.099996,-0.038350,-0.039948,-0.014030,0.999103,0.099368,0.994889,0.017944),fov=77.476204,dt=0.017292},
	{cf=CFrame.new(0.740574,3.478653,3.296448,-0.981320,0.152108,-0.117783,-0.119774,-0.003961,0.992793,0.150545,0.988356,0.022106),fov=76.438698,dt=0.020158},
	{cf=CFrame.new(0.497242,3.424858,3.380066,-0.959439,0.201890,-0.196762,-0.198790,0.010390,0.979987,0.199894,0.979353,0.030165),fov=75.732040,dt=0.014463},
	{cf=CFrame.new(0.275833,3.360405,3.473877,-0.930456,0.249324,-0.268492,-0.269259,0.031695,0.962546,0.248495,0.967902,0.037642),fov=74.894180,dt=0.015847},
	{cf=CFrame.new(0.064072,3.291252,3.572205,-0.894794,0.293863,-0.336136,-0.334343,0.057933,0.940669,0.295901,0.954091,0.046413),fov=74.041718,dt=0.015642},
	{cf=CFrame.new(-0.122658,3.211731,3.673828,-0.854693,0.332289,-0.398851,-0.392901,0.088113,0.915350,0.339305,0.939053,0.055247),fov=73.094788,dt=0.016959},
	{cf=CFrame.new(-0.298691,3.127792,3.776764,-0.809919,0.365975,-0.458358,-0.446832,0.121247,0.886364,0.379962,0.922693,0.065330),fov=72.184395,dt=0.016467},
	{cf=CFrame.new(-0.473656,3.043411,3.879852,-0.760038,0.395761,-0.515474,-0.497139,0.156796,0.853386,0.418562,0.904869,0.077578),fov=71.213013,dt=0.017513},
	{cf=CFrame.new(-0.639603,2.954605,3.982117,-0.706164,0.420822,-0.569421,-0.543334,0.193601,0.816889,0.454005,0.886244,0.091933),fov=70.292320,dt=0.016917},
	{cf=CFrame.new(-0.801613,2.863876,4.084076,-0.648356,0.441522,-0.620235,-0.585407,0.231739,0.776915,0.486758,0.866808,0.108221),fov=69.298340,dt=0.018273},
	{cf=CFrame.new(-0.963230,2.772942,4.186005,-0.586713,0.458019,-0.667821,-0.623203,0.271216,0.733526,0.517093,0.846558,0.126313),fov=68.604271,dt=0.016667},
	{cf=CFrame.new(-1.090729,2.663048,4.279266,-0.524811,0.463975,-0.713652,-0.659598,0.308282,0.685487,0.538056,0.830475,0.144247),fov=68.092834,dt=0.014660},
	{cf=CFrame.new(-1.203217,2.544785,4.368744,-0.461552,0.463264,-0.756541,-0.693061,0.344031,0.633490,0.553747,0.816718,0.162282),fov=67.558037,dt=0.016826},
	{cf=CFrame.new(-1.314194,2.425690,4.457825,-0.396118,0.458464,-0.795550,-0.722255,0.379409,0.578270,0.566955,0.803654,0.180837),fov=67.094719,dt=0.016421},
	{cf=CFrame.new(-1.425026,2.306519,4.546844,-0.328781,0.449865,-0.830375,-0.746896,0.414239,0.520147,0.577970,0.791219,0.199809),fov=66.656067,dt=0.016824},
	{cf=CFrame.new(-1.535843,2.187332,4.635895,-0.259933,0.437566,-0.860796,-0.766834,0.448230,0.459407,0.586856,0.779503,0.219031),fov=66.250763,dt=0.016594},
	{cf=CFrame.new(-1.646660,2.068146,4.724945,-0.189980,0.421666,-0.886625,-0.781963,0.481083,0.396350,0.593668,0.768607,0.238331),fov=66.162277,dt=0.016604},
	{cf=CFrame.new(-1.741215,1.938766,4.806915,-0.119285,0.400898,-0.908323,-0.794695,0.509861,0.329396,0.595173,0.761132,0.257773),fov=66.288208,dt=0.016947},
	{cf=CFrame.new(-1.828602,1.804893,4.885742,-0.048211,0.376444,-0.925184,-0.803555,0.535550,0.259780,0.593276,0.755960,0.276674),fov=66.546906,dt=0.016268},
	{cf=CFrame.new(-1.915276,1.670570,4.964294,0.022827,0.349106,-0.936805,-0.807519,0.558879,0.188593,0.589400,0.752183,0.294667),fov=66.918030,dt=0.017087},
	{cf=CFrame.new(-1.988808,1.525787,5.031189,0.095466,0.317262,-0.943520,-0.810155,0.575506,0.111545,0.578391,0.753749,0.311973),fov=67.327522,dt=0.016194},
	{cf=CFrame.new(-2.056576,1.376404,5.092957,0.168223,0.282589,-0.944374,-0.808948,0.587033,0.031561,0.563298,0.758641,0.327352),fov=67.801689,dt=0.016882},
	{cf=CFrame.new(-2.123768,1.226570,5.154236,0.239860,0.246238,-0.939059,-0.802393,0.594782,-0.048990,0.546473,0.765246,0.340245),fov=68.513130,dt=0.017073},
	{cf=CFrame.new(-2.183258,1.072144,5.207733,0.311479,0.210667,-0.926606,-0.791498,0.597120,-0.130305,0.525845,0.773994,0.352733),fov=69.315483,dt=0.015885},
	{cf=CFrame.new(-2.239376,0.915703,5.257812,0.381731,0.175293,-0.907498,-0.775528,0.594899,-0.211308,0.502829,0.784454,0.363036),fov=70.261337,dt=0.016441},
	{cf=CFrame.new(-2.295151,0.759056,5.307556,0.449556,0.139712,-0.882258,-0.754167,0.588652,-0.291069,0.478678,0.796222,0.369998),fov=71.330368,dt=0.017332},
	{cf=CFrame.new(-2.340336,0.598946,5.349640,0.514107,0.107271,-0.850991,-0.728984,0.577447,-0.367610,0.451969,0.809350,0.375068),fov=72.361069,dt=0.016265},
	{cf=CFrame.new(-2.376991,0.437347,5.386597,0.574914,0.078446,-0.814444,-0.699464,0.563577,-0.439468,0.424527,0.822331,0.378879),fov=73.492714,dt=0.017192},
	{cf=CFrame.new(-2.411469,0.275620,5.422455,0.632176,0.051265,-0.773126,-0.665488,0.546965,-0.507893,0.396837,0.835584,0.379894),fov=75.415085,dt=0.016416},
	{cf=CFrame.new(-2.445732,0.113884,5.458191,0.685827,0.025179,-0.727329,-0.627294,0.527149,-0.573251,0.368977,0.849400,0.377327),fov=77.983429,dt=0.016834},
	{cf=CFrame.new(-2.466957,-0.047310,5.488129,0.733040,0.003914,-0.680173,-0.587564,0.507421,-0.630312,0.342667,0.861689,0.374260),fov=80.891197,dt=0.016605},
	{cf=CFrame.new(-2.482437,-0.208267,5.515503,0.775622,-0.014644,-0.631027,-0.545765,0.486679,-0.682117,0.317097,0.873458,0.369487),fov=84.132408,dt=0.016981},
	{cf=CFrame.new(-2.497345,-0.369194,5.542633,0.814575,-0.031800,-0.579185,-0.501283,0.463808,-0.730477,0.291860,0.885365,0.361866),fov=87.424538,dt=0.016464},
	{cf=CFrame.new(-2.496078,-0.527451,5.563141,0.846551,-0.044758,-0.530421,-0.458901,0.443580,-0.769836,0.269741,0.895117,0.354974),fov=91.060143,dt=0.017476},
	{cf=CFrame.new(-2.487701,-0.684525,5.580750,0.874188,-0.055466,-0.482408,-0.416809,0.423977,-0.804061,0.249128,0.903973,0.347517),fov=94.786888,dt=0.017812},
	{cf=CFrame.new(-2.478607,-0.841492,5.598053,0.898936,-0.065042,-0.433223,-0.373435,0.403261,-0.835420,0.229039,0.912771,0.338217),fov=98.353416,dt=0.017097},
	{cf=CFrame.new(-2.453472,-0.992027,5.609528,0.917592,-0.072832,-0.390792,-0.335000,0.387562,-0.858819,0.214006,0.918962,0.331225),fov=101.872711,dt=0.016664},
	{cf=CFrame.new(-2.421291,-1.139725,5.618408,0.932922,-0.079716,-0.351141,-0.298576,0.373819,-0.878130,0.201264,0.924070,0.324943),fov=104.900368,dt=0.014101},
	{cf=CFrame.new(-2.388401,-1.287148,5.627075,0.946422,-0.086038,-0.311258,-0.261846,0.359654,-0.895592,0.189001,0.929111,0.317857),fov=108.782433,dt=0.017021},
	{cf=CFrame.new(-2.343395,-1.425262,5.631165,0.955667,-0.093010,-0.279371,-0.231132,0.350852,-0.907458,0.182421,0.931801,0.313800),fov=112.783577,dt=0.017834},
	{cf=CFrame.new(-2.293068,-1.559280,5.633240,0.962790,-0.100297,-0.250948,-0.203063,0.344247,-0.916657,0.178326,0.933507,0.311071),fov=115.191307,dt=0.016876},
	{cf=CFrame.new(-2.242207,-1.692894,5.635132,0.968947,-0.107474,-0.222686,-0.175125,0.337504,-0.924890,0.174559,0.935169,0.308203),fov=116.566574,dt=0.015358},
	{cf=CFrame.new(-2.187706,-1.817184,5.634064,0.972646,-0.115758,-0.201393,-0.152753,0.334430,-0.929959,0.175003,0.935284,0.307600),fov=117.505013,dt=0.017468},
	{cf=CFrame.new(-2.131615,-1.937393,5.631744,0.975158,-0.124569,-0.183160,-0.132831,0.332852,-0.933577,0.177261,0.934715,0.308037),fov=117.893448,dt=0.016720},
	{cf=CFrame.new(-2.079056,-2.051872,5.628632,0.976632,-0.132960,-0.168847,-0.116507,0.332640,-0.935829,0.180593,0.933634,0.309376),fov=117.897423,dt=0.015239},
	{cf=CFrame.new(-2.028099,-2.163963,5.625305,0.977593,-0.141160,-0.156158,-0.101679,0.332899,-0.937465,0.184317,0.932337,0.311087),fov=117.549393,dt=0.018709},
	{cf=CFrame.new(-1.977314,-2.275818,5.621887,0.978299,-0.149350,-0.143616,-0.086985,0.333053,-0.938887,0.188055,0.931005,0.312835),fov=116.990227,dt=0.016378},
	{cf=CFrame.new(-1.931404,-2.374023,5.618347,0.978117,-0.156651,-0.136923,-0.077687,0.335521,-0.938824,0.193008,0.928917,0.316009),fov=116.118866,dt=0.017661},
	{cf=CFrame.new(-1.894028,-2.440002,5.613739,0.977133,-0.161590,-0.138198,-0.076174,0.340780,-0.937052,0.198514,0.926152,0.320679),fov=115.130936,dt=0.015835},
	{cf=CFrame.new(-1.859692,-2.493820,5.608673,0.975897,-0.165597,-0.142128,-0.077263,0.346911,-0.934710,0.204092,0.923163,0.325755),fov=113.981331,dt=0.014841},
	{cf=CFrame.new(-1.825653,-2.546417,5.603577,0.974606,-0.169488,-0.146345,-0.078581,0.353115,-0.932274,0.209686,0.920100,0.330830),fov=112.308075,dt=0.017803},
	{cf=CFrame.new(-1.791653,-2.598892,5.598450,0.973276,-0.173343,-0.150614,-0.079891,0.359311,-0.929792,0.215290,0.916978,0.335861),fov=110.609077,dt=0.016160},
	{cf=CFrame.new(-1.757648,-2.651360,5.593323,0.971911,-0.177171,-0.154910,-0.081168,0.365492,-0.927269,0.220904,0.913798,0.340845),fov=108.404366,dt=0.018161},
	{cf=CFrame.new(-1.723648,-2.703819,5.588226,0.970512,-0.180973,-0.159230,-0.082411,0.371656,-0.924706,0.226526,0.910561,0.345782),fov=106.414566,dt=0.014864},
	{cf=CFrame.new(-1.694866,-2.737724,5.581726,0.968791,-0.183136,-0.167046,-0.087274,0.378747,-0.921376,0.232006,0.907200,0.350944),fov=103.777916,dt=0.016703},
	{cf=CFrame.new(-1.670391,-2.758873,5.573669,0.966867,-0.184009,-0.176941,-0.094438,0.386131,-0.917597,0.237169,0.903905,0.355960),fov=100.510262,dt=0.018420},
	{cf=CFrame.new(-1.641796,-2.781242,5.563202,0.964361,-0.184602,-0.189551,-0.103769,0.395129,-0.912746,0.243392,0.899887,0.361891),fov=96.390198,dt=0.021169},
	{cf=CFrame.new(-1.623249,-2.795639,5.556335,0.962648,-0.184907,-0.197781,-0.109842,0.400959,-0.909487,0.247473,0.897241,0.365672),fov=93.861908,dt=0.012163},
	{cf=CFrame.new(-1.571640,-2.751328,5.541931,0.960161,-0.182164,-0.211909,-0.121916,0.409275,-0.904229,0.251447,0.894042,0.370762),fov=89.948563,dt=0.014459},
	{cf=CFrame.new(-1.506878,-2.679977,5.524658,0.957275,-0.177945,-0.227947,-0.136138,0.418127,-0.898129,0.255129,0.890789,0.376038),fov=84.371666,dt=0.016777},
	{cf=CFrame.new(-1.440792,-2.605927,5.507141,0.954109,-0.173445,-0.244115,-0.150537,0.426900,-0.891681,0.258871,0.887509,0.381200),fov=77.466850,dt=0.016819},
	{cf=CFrame.new(-0.370201,-2.293312,5.117188,0.987883,-0.071497,-0.137750,-0.088335,0.470749,-0.877834,0.127608,0.879365,0.458730),fov=64.944763,dt=0.016711},
	{cf=CFrame.new(1.143951,-1.875427,4.562714,0.997046,0.066280,0.038783,-0.002431,0.532033,-0.846720,-0.076754,0.844126,0.530623),fov=80.991798,dt=0.017808},
	{cf=CFrame.new(2.591305,-1.502953,4.166901,0.875595,0.070452,0.477880,0.311635,0.673500,-0.670284,-0.369075,0.735822,0.567759),fov=90.729492,dt=0.016784},
	{cf=CFrame.new(3.012833,-1.483322,4.098053,0.801609,0.073702,0.593288,0.377197,0.707577,-0.597542,-0.463837,0.702782,0.539401),fov=110.000000,dt=0.138355},
	{cf=CFrame.new(3.241096,-1.377785,4.107880,0.722091,0.163696,0.672151,0.346186,0.755695,-0.555950,-0.598949,0.634136,0.489012),fov=110.000000,dt=0.028387},
	{cf=CFrame.new(3.010246,-1.372284,4.257935,0.744513,0.140032,0.652756,0.356544,0.743238,-0.566105,-0.564426,0.654209,0.503423),fov=110.000000,dt=0.018795},
	{cf=CFrame.new(2.733486,-1.376793,4.421997,0.775218,0.104147,0.623048,0.370511,0.723874,-0.582004,-0.511623,0.682026,0.522574),fov=110.000000,dt=0.006460},
	{cf=CFrame.new(2.665977,-1.375427,4.418549,0.783583,0.088409,0.614964,0.379668,0.715357,-0.586614,-0.491781,0.693144,0.526976),fov=110.000000,dt=0.006908},
	{cf=CFrame.new(2.760311,-1.362640,4.182434,0.778844,0.073447,0.622902,0.399799,0.707083,-0.583261,-0.483283,0.703306,0.521344),fov=110.000000,dt=0.015845},
	{cf=CFrame.new(2.870831,-1.348717,3.922974,0.772405,0.058756,0.632406,0.420832,0.698422,-0.578884,-0.475700,0.713270,0.514738),fov=110.000000,dt=0.030302},
	{cf=CFrame.new(2.975426,-1.342979,3.755707,0.764503,0.043440,0.643154,0.439305,0.695050,-0.569137,-0.471748,0.717648,0.512285),fov=110.000000,dt=0.008157},
	{cf=CFrame.new(3.012005,-1.350281,3.794403,0.759879,0.035788,0.649078,0.444369,0.700174,-0.558831,-0.474468,0.713074,0.516145),fov=110.000000,dt=0.011861},
	{cf=CFrame.new(3.050480,-1.361496,3.872192,0.754262,0.026782,0.656027,0.449104,0.707819,-0.545250,-0.478952,0.705886,0.521854),fov=110.000000,dt=0.026004},
	{cf=CFrame.new(3.089149,-1.373116,3.953888,0.748467,0.017555,0.662939,0.453719,0.715516,-0.531202,-0.483669,0.698376,0.527576),fov=110.000000,dt=0.007557},
	{cf=CFrame.new(3.113686,-1.375183,4.017609,0.744087,0.011131,0.667989,0.454563,0.724304,-0.518417,-0.489598,0.689391,0.533886),fov=110.000000,dt=0.015966},
	{cf=CFrame.new(3.093266,-1.346786,4.022949,0.744428,0.013934,0.667556,0.443596,0.736927,-0.510060,-0.499047,0.675829,0.542409),fov=110.000000,dt=0.028495},
	{cf=CFrame.new(3.068352,-1.315331,4.022461,0.745159,0.017710,0.666651,0.431283,0.749669,-0.501987,-0.508658,0.661576,0.550986),fov=110.000000,dt=0.006970},
	{cf=CFrame.new(3.042984,-1.283577,4.021423,0.745844,0.021628,0.665768,0.418673,0.762158,-0.493789,-0.518101,0.647030,0.559397),fov=110.000000,dt=0.015007},
	{cf=CFrame.new(3.029213,-1.262054,4.019043,0.746900,0.025906,0.664430,0.407395,0.771900,-0.488058,-0.525518,0.635216,0.565979),fov=110.000000,dt=0.028937},
	{cf=CFrame.new(3.052410,-1.273155,4.012695,0.749345,0.031176,0.661444,0.400862,0.773706,-0.490600,-0.527059,0.632777,0.567276),fov=110.000000,dt=0.005537},
	{cf=CFrame.new(3.079300,-1.287514,4.005951,0.751891,0.036553,0.658273,0.394793,0.774690,-0.493957,-0.528013,0.631284,0.568052),fov=110.000000,dt=0.015734},
	{cf=CFrame.new(3.106564,-1.302200,3.999146,0.754407,0.041951,0.655064,0.388755,0.775554,-0.497378,-0.528903,0.629886,0.568776),fov=110.000000,dt=0.035114},
	{cf=CFrame.new(3.109550,-1.314354,3.998383,0.760403,0.046591,0.647777,0.384024,0.772113,-0.506327,-0.523748,0.633775,0.569226),fov=110.000000,dt=0.007544},
	{cf=CFrame.new(3.097580,-1.316032,4.001373,0.763704,0.047316,0.643829,0.383505,0.769005,-0.511425,-0.519306,0.637490,0.569147),fov=110.000000,dt=0.008973},
	{cf=CFrame.new(3.071838,-1.317123,4.007782,0.769397,0.047860,0.636975,0.383300,0.763116,-0.520322,-0.510989,0.644488,0.568795),fov=110.000000,dt=0.026842},
	{cf=CFrame.new(3.044720,-1.318153,4.014526,0.775259,0.048310,0.629792,0.383031,0.756872,-0.529559,-0.502255,0.651776,0.568268),fov=110.000000,dt=0.005065},
	{cf=CFrame.new(3.028336,-1.321014,4.020905,0.780125,0.047424,0.623822,0.384057,0.750827,-0.537363,-0.493867,0.658794,0.567526),fov=110.000000,dt=0.016270},
	{cf=CFrame.new(3.046494,-1.329742,4.025970,0.781923,0.042513,0.621923,0.389453,0.745692,-0.540620,-0.486747,0.664933,0.566517),fov=110.000000,dt=0.029605},
	{cf=CFrame.new(3.063599,-1.337372,4.027954,0.783365,0.037191,0.620448,0.395246,0.740590,-0.543422,-0.479709,0.670927,0.565454),fov=110.000000,dt=0.006190},
	{cf=CFrame.new(3.066715,-1.339745,4.020538,0.784728,0.031810,0.619023,0.401029,0.735440,-0.546172,-0.472628,0.676843,0.564364),fov=110.000000,dt=0.014264},
	{cf=CFrame.new(3.068085,-1.340729,4.014709,0.785206,0.026936,0.618648,0.406705,0.730929,-0.548026,-0.466950,0.681921,0.562976),fov=110.000000,dt=0.029697},
	{cf=CFrame.new(3.068207,-1.338890,4.016846,0.783021,0.023728,0.621542,0.412148,0.728615,-0.547042,-0.465845,0.684513,0.560742),fov=110.000000,dt=0.006656},
	{cf=CFrame.new(3.068203,-1.336769,4.019775,0.780547,0.020702,0.624754,0.417555,0.726499,-0.545753,-0.465181,0.686856,0.558423),fov=110.000000,dt=0.014158},
	{cf=CFrame.new(3.068192,-1.334618,4.022797,0.778019,0.017709,0.627990,0.422945,0.724382,-0.544415,-0.464546,0.689171,0.556093),fov=110.000000,dt=0.029806},
	{cf=CFrame.new(3.068180,-1.332466,4.025879,0.775461,0.014735,0.631222,0.428320,0.722243,-0.543054,-0.463898,0.691483,0.553761),fov=110.000000,dt=0.005069},
	{cf=CFrame.new(3.068165,-1.330315,4.028900,0.772877,0.011777,0.634446,0.433679,0.720080,-0.541671,-0.463232,0.693791,0.551427),fov=110.000000,dt=0.014671},
	{cf=CFrame.new(3.069195,-1.329292,4.031006,0.770788,0.009845,0.637015,0.437876,0.718096,-0.540928,-0.462764,0.695874,0.549189),fov=110.000000,dt=0.031904},
	{cf=CFrame.new(3.074615,-1.332535,4.030090,0.770291,0.011500,0.637587,0.438453,0.716455,-0.542633,-0.463043,0.697538,0.546837),fov=110.000000,dt=0.007227},
	{cf=CFrame.new(3.078350,-1.334862,4.029327,0.770069,0.012775,0.637831,0.438607,0.715423,-0.543870,-0.463267,0.698575,0.545323),fov=110.000000,dt=0.011832},
	{cf=CFrame.new(3.082977,-1.337769,4.028381,0.769817,0.014381,0.638101,0.438751,0.714159,-0.545412,-0.463550,0.699836,0.543463),fov=110.000000,dt=0.029025},
	{cf=CFrame.new(3.087696,-1.340736,4.027405,0.769561,0.016021,0.638371,0.438895,0.712869,-0.546982,-0.463838,0.701114,0.541566),fov=110.000000,dt=0.006244},
	{cf=CFrame.new(3.092415,-1.343704,4.026398,0.769305,0.017664,0.638637,0.439041,0.711572,-0.548551,-0.464127,0.702391,0.539661),fov=110.000000,dt=0.014336},
	{cf=CFrame.new(3.095909,-1.346344,4.025818,0.769123,0.019234,0.638811,0.439011,0.710503,-0.549959,-0.464455,0.703431,0.538020),fov=110.000000,dt=0.026349},
	{cf=CFrame.new(3.095486,-1.347923,4.026733,0.769180,0.020570,0.638700,0.438424,0.710166,-0.550862,-0.464915,0.703734,0.537228),fov=110.000000,dt=0.007161},
	{cf=CFrame.new(3.094666,-1.349403,4.027740,0.769260,0.021883,0.638560,0.437781,0.709901,-0.551714,-0.465388,0.703961,0.536519),fov=110.000000,dt=0.016543},
	{cf=CFrame.new(3.093811,-1.350876,4.028778,0.769342,0.023193,0.638415,0.437133,0.709642,-0.552561,-0.465862,0.704181,0.535819),fov=110.000000,dt=0.031616},
	{cf=CFrame.new(3.092754,-1.352669,4.030029,0.769440,0.024797,0.638236,0.436338,0.709323,-0.553597,-0.466443,0.704447,0.534962),fov=110.000000,dt=0.006442},
	{cf=CFrame.new(3.092613,-1.353752,4.030579,0.769423,0.025704,0.638221,0.435834,0.709321,-0.553997,-0.466944,0.704417,0.534566),fov=110.000000,dt=0.011821},
	{cf=CFrame.new(3.094070,-1.354851,4.030426,0.769163,0.026409,0.638505,0.435250,0.709928,-0.553679,-0.467915,0.703779,0.534556),fov=110.000000,dt=0.029363},
	{cf=CFrame.new(3.095680,-1.355949,4.030212,0.768878,0.027095,0.638820,0.434658,0.710594,-0.553289,-0.468934,0.703080,0.534584),fov=110.000000,dt=0.006021},
	{cf=CFrame.new(3.097313,-1.357048,4.029968,0.768589,0.027778,0.639138,0.434064,0.711266,-0.552892,-0.469956,0.702374,0.534615),fov=110.000000,dt=0.014457},
	{cf=CFrame.new(3.098946,-1.358147,4.029755,0.768299,0.028460,0.639457,0.433469,0.711938,-0.552494,-0.470978,0.701666,0.534645),fov=110.000000,dt=0.031821},
	{cf=CFrame.new(3.100735,-1.359489,4.029724,0.767863,0.029116,0.639951,0.433040,0.712571,-0.552014,-0.472084,0.700996,0.534549),fov=110.000000,dt=0.007551},
	{cf=CFrame.new(3.101696,-1.360367,4.029968,0.767500,0.029370,0.640374,0.433050,0.712800,-0.551710,-0.472663,0.700752,0.534356),fov=110.000000,dt=0.011274},
	{cf=CFrame.new(3.102840,-1.361443,4.030304,0.767039,0.029647,0.640914,0.433121,0.713044,-0.551339,-0.473345,0.700492,0.534092),fov=110.000000,dt=0.026040},
	{cf=CFrame.new(3.103996,-1.362541,4.030670,0.766568,0.029925,0.641465,0.433199,0.713290,-0.550960,-0.474038,0.700230,0.533822),fov=110.000000,dt=0.006624},
	{cf=CFrame.new(3.105011,-1.363640,4.031250,0.766113,0.030246,0.641992,0.433206,0.713580,-0.550579,-0.474765,0.699921,0.533581),fov=110.000000,dt=0.016505},
	{cf=CFrame.new(3.105549,-1.364738,4.032410,0.765718,0.030699,0.642442,0.432989,0.714009,-0.550192,-0.475601,0.699463,0.533438),fov=110.000000,dt=0.029237},
	{cf=CFrame.new(3.106037,-1.365829,4.033630,0.765328,0.031166,0.642884,0.432749,0.714453,-0.549805,-0.476446,0.698989,0.533305),fov=110.000000,dt=0.005896},
	{cf=CFrame.new(3.106518,-1.366928,4.034821,0.764938,0.031633,0.643326,0.432506,0.714898,-0.549418,-0.477292,0.698513,0.533172),fov=110.000000,dt=0.014958},
	{cf=CFrame.new(3.106945,-1.367958,4.036041,0.764579,0.032450,0.643712,0.431889,0.715550,-0.549054,-0.478425,0.697808,0.533080),fov=110.000000,dt=0.027927},
	{cf=CFrame.new(3.107185,-1.368752,4.037018,0.764317,0.034379,0.643923,0.430080,0.716860,-0.548765,-0.480469,0.696369,0.533123),fov=109.999023,dt=0.004967},
	{cf=CFrame.new(3.107410,-1.369522,4.038055,0.764058,0.036421,0.644117,0.428148,0.718229,-0.548485,-0.482601,0.694853,0.533176),fov=109.986259,dt=0.016733},
	{cf=CFrame.new(3.107635,-1.370293,4.039062,0.763794,0.038473,0.644312,0.426201,0.719600,-0.548205,-0.484738,0.693323,0.533229),fov=109.941940,dt=0.029807},
	{cf=CFrame.new(3.107857,-1.371056,4.040070,0.763523,0.040526,0.644507,0.424250,0.720964,-0.547926,-0.486872,0.691786,0.533280),fov=109.932709,dt=0.004673},
	{cf=CFrame.new(3.107937,-1.371635,4.041077,0.763279,0.042591,0.644663,0.422269,0.722309,-0.547686,-0.488972,0.690258,0.533339),fov=109.875076,dt=0.016157},
	{cf=CFrame.new(3.107571,-1.371597,4.042206,0.763135,0.044694,0.644691,0.420203,0.723602,-0.547567,-0.490973,0.688769,0.533426),fov=109.618721,dt=0.035659},
	{cf=CFrame.new(3.106972,-1.371445,4.043793,0.762929,0.047751,0.644716,0.417189,0.725459,-0.547415,-0.493855,0.686607,0.533553),fov=109.607674,dt=0.005356},
	{cf=CFrame.new(3.106422,-1.371017,4.044250,0.762819,0.048794,0.644768,0.416176,0.726109,-0.547323,-0.494878,0.685846,0.533583),fov=109.561264,dt=0.009559},
	{cf=CFrame.new(3.104752,-1.369377,4.044281,0.762581,0.049931,0.644963,0.415124,0.726879,-0.547101,-0.496127,0.684949,0.533576),fov=109.447609,dt=0.015418},
	{cf=CFrame.new(3.102974,-1.367615,4.044312,0.762327,0.051078,0.645172,0.414068,0.727658,-0.546866,-0.497397,0.684036,0.533564),fov=108.981651,dt=0.034961},
	{cf=CFrame.new(3.099976,-1.364632,4.044373,0.761897,0.052999,0.645525,0.412294,0.728961,-0.546470,-0.499525,0.682501,0.533542),fov=108.931900,dt=0.012410},
	{cf=CFrame.new(3.098866,-1.363541,4.044373,0.761737,0.053707,0.645656,0.411640,0.729440,-0.546324,-0.500309,0.681933,0.533534),fov=108.698944,dt=0.017738},
	{cf=CFrame.new(3.096741,-1.361427,4.044434,0.761426,0.055068,0.645907,0.410380,0.730358,-0.546044,-0.501814,0.680841,0.533516),fov=108.237221,dt=0.032307},
	{cf=CFrame.new(3.091576,-1.354263,4.039062,0.761783,0.054199,0.645560,0.410025,0.731166,-0.545229,-0.501563,0.680043,0.534768),fov=108.165848,dt=0.006254},
	{cf=CFrame.new(3.088783,-1.350266,4.035858,0.762043,0.053475,0.645314,0.409997,0.731517,-0.544780,-0.501190,0.679723,0.535524),fov=107.909027,dt=0.015191},
	{cf=CFrame.new(3.085464,-1.345497,4.031952,0.762368,0.052554,0.645005,0.410005,0.731911,-0.544244,-0.500689,0.679370,0.536439),fov=107.368515,dt=0.028014},
	{cf=CFrame.new(3.080578,-1.338448,4.026215,0.762848,0.051189,0.644547,0.410023,0.732489,-0.543453,-0.499943,0.678852,0.537790),fov=106.880432,dt=0.019133},
	{cf=CFrame.new(3.077053,-1.333366,4.022064,0.763194,0.050204,0.644215,0.410037,0.732905,-0.542882,-0.499404,0.678477,0.538763),fov=105.186432,dt=0.047330},
	{cf=CFrame.new(3.067081,-1.316231,4.003662,0.765804,0.044774,0.641513,0.410185,0.734282,-0.540905,-0.495270,0.677367,0.543951),fov=104.980125,dt=0.015564},
	{cf=CFrame.new(3.064789,-1.311584,3.998108,0.766874,0.043043,0.640352,0.409985,0.734779,-0.540381,-0.493777,0.676939,0.545837),fov=104.819504,dt=0.007472},
	{cf=CFrame.new(3.062965,-1.309700,3.990875,0.769040,0.041277,0.637866,0.408124,0.736315,-0.539699,-0.491948,0.675379,0.549410),fov=103.041901,dt=0.038062},
	{cf=CFrame.new(3.048443,-1.321602,3.994263,0.770767,0.048956,0.635233,0.403063,0.734690,-0.545683,-0.493414,0.676634,0.546543),fov=102.404358,dt=0.023055},
	{cf=CFrame.new(3.041008,-1.323738,3.996460,0.771220,0.052294,0.634416,0.401970,0.732777,-0.549052,-0.493598,0.678457,0.544112),fov=101.086182,dt=0.024214},
	{cf=CFrame.new(3.021511,-1.316216,3.991577,0.766609,0.065953,0.638716,0.402869,0.725166,-0.558417,-0.500005,0.685408,0.529350),fov=100.355202,dt=0.013890},
	{cf=CFrame.new(3.010689,-1.310425,3.987244,0.763180,0.074326,0.641896,0.403861,0.720585,-0.563607,-0.504432,0.689371,0.519919),fov=99.333900,dt=0.015039},
	{cf=CFrame.new(2.997776,-1.303123,3.981689,0.758833,0.084523,0.645776,0.405216,0.714981,-0.569739,-0.509874,0.694016,0.508302),fov=97.042847,dt=0.026195},
	{cf=CFrame.new(2.917271,-1.296188,4.300385,0.752274,0.099605,0.651277,0.407758,0.706061,-0.578974,-0.517511,0.701111,0.490537),fov=94.990265,dt=0.014572},
	{cf=CFrame.new(2.889099,-1.270554,4.297882,0.740250,0.153160,0.654654,0.384200,0.702700,-0.598835,-0.551743,0.694806,0.461330),fov=107.619286,dt=0.042069},
	{cf=CFrame.new(2.847290,-1.214920,4.197998,0.717863,0.243243,0.652308,0.335592,0.700023,-0.630354,-0.609959,0.671417,0.420891),fov=107.889061,dt=0.018890},
	{cf=CFrame.new(2.803802,-1.100548,3.925751,0.699035,0.309313,0.644729,0.286909,0.704539,-0.649082,-0.655006,0.638710,0.403753),fov=107.354401,dt=0.021870},
	{cf=CFrame.new(3.497574,2.535805,3.825562,0.542947,0.125434,0.830346,0.523179,0.722918,-0.451301,-0.656881,0.679452,0.326882),fov=100.000000,dt=0.071011},
	{cf=CFrame.new(4.722282,18.392357,3.692474,-0.084554,-0.251694,0.964106,0.939311,0.302723,0.161410,-0.332483,0.919244,0.210822),fov=86.666664,dt=0.128271},
	{cf=CFrame.new(4.846306,42.886181,3.670990,-0.401134,-0.249838,0.881290,0.915954,-0.120909,0.382635,0.010959,0.960709,0.277341),fov=80.888885,dt=0.079144},
	{cf=CFrame.new(4.858719,59.859226,3.668793,-0.509963,-0.189446,0.839076,0.816517,-0.413492,0.402895,0.270624,0.890581,0.365552),fov=80.888885,dt=0.009604},
	{cf=CFrame.new(4.859962,64.002563,3.668549,-0.519050,-0.170117,0.837644,0.776027,-0.504578,0.378395,0.358285,0.846440,0.393917),fov=81.115730,dt=0.012760},
	{cf=CFrame.new(4.860092,68.493515,3.668488,-0.520019,-0.144477,0.841847,0.714651,-0.613400,0.336177,0.467819,0.776445,0.422231),fov=82.671371,dt=0.031880},
	{cf=CFrame.new(4.860107,72.203735,3.668457,-0.520350,-0.118646,0.845671,0.650410,-0.696773,0.302448,0.553356,0.707411,0.439734),fov=82.792519,dt=0.006851},
	{cf=CFrame.new(4.860107,75.424454,3.668427,-0.522003,-0.085969,0.848600,0.576250,-0.769058,0.276560,0.628847,0.633371,0.450990),fov=83.776451,dt=0.019363},
	{cf=CFrame.new(4.860081,77.723969,3.668396,-0.528055,-0.028956,0.848716,0.473089,-0.839998,0.265688,0.705227,0.541816,0.457265),fov=85.909004,dt=0.031976},
	{cf=CFrame.new(4.860046,80.326736,3.668335,-0.528310,0.047546,0.847719,0.336732,-0.904818,0.260605,0.779423,0.423135,0.462014),fov=86.167458,dt=0.010750},
	{cf=CFrame.new(4.860031,81.377960,3.668335,-0.525527,0.080040,0.847003,0.278532,-0.924514,0.260181,0.803891,0.372650,0.463564),fov=86.491707,dt=0.008847},
	{cf=CFrame.new(4.860004,83.460526,3.668304,-0.514952,0.147847,0.844373,0.159190,-0.951387,0.263669,0.842308,0.270192,0.466383),fov=89.139893,dt=0.040294},
	{cf=CFrame.new(4.859901,85.183769,3.668274,-0.517389,0.217494,0.827650,0.019645,-0.963890,0.265577,0.855525,0.153666,0.494433),fov=89.396278,dt=0.008397},
	{cf=CFrame.new(4.859829,86.099617,3.668243,-0.518860,0.255871,0.815668,-0.063780,-0.963083,0.261542,0.852477,0.083681,0.516025),fov=89.770882,dt=0.014744},
	{cf=CFrame.new(4.859791,86.562973,3.668243,-0.518911,0.274846,0.809439,-0.106582,-0.960316,0.257749,0.848158,0.047477,0.527612),fov=92.447380,dt=0.037565},
	{cf=CFrame.new(4.881931,88.279114,3.668243,-0.501500,0.351238,0.790652,-0.269394,-0.931845,0.243088,0.822146,-0.091088,0.561941),fov=92.622513,dt=0.009884},
	{cf=CFrame.new(4.929573,88.815994,3.668274,-0.469191,0.393692,0.790485,-0.331128,-0.908251,0.255803,0.818666,-0.141731,0.556506),fov=92.864586,dt=0.007566},
	{cf=CFrame.new(5.002476,89.417625,3.668274,-0.416673,0.446054,0.792098,-0.402946,-0.871691,0.278910,0.814873,-0.202959,0.542945),fov=95.438660,dt=0.041048},
	{cf=CFrame.new(5.214176,91.121544,3.668274,-0.238493,0.562027,0.791989,-0.582207,-0.735465,0.346594,0.777275,-0.378441,0.502619),fov=95.749786,dt=0.010727},
	{cf=CFrame.new(5.326195,92.022469,3.668274,-0.132821,0.601008,0.788130,-0.659094,-0.647439,0.382646,0.740239,-0.468627,0.482114),fov=96.332771,dt=0.014373},
	{cf=CFrame.new(5.342590,92.318161,3.687653,-0.053717,0.622537,0.780745,-0.736291,-0.552853,0.390165,0.674530,-0.553897,0.488066),fov=99.242271,dt=0.045140},
	{cf=CFrame.new(5.244499,92.455505,3.797180,0.199425,0.593848,0.779471,-0.936521,-0.118582,0.329949,0.288371,-0.795791,0.532503),fov=99.629372,dt=0.016100},
	{cf=CFrame.new(5.216560,92.488831,3.827698,0.260220,0.559953,0.786599,-0.951797,0.011750,0.306505,0.162386,-0.828441,0.536020),fov=99.966553,dt=0.009894},
	{cf=CFrame.new(5.186562,92.521561,3.860077,0.314024,0.511253,0.800006,-0.949117,0.147933,0.278016,0.023789,-0.846603,0.531694),fov=101.624306,dt=0.026359},
	{cf=CFrame.new(5.142197,92.590691,3.915619,0.357878,0.465392,0.809527,-0.925543,0.291612,0.241521,-0.123666,-0.835687,0.535102),fov=102.009232,dt=0.012945},
	{cf=CFrame.new(5.120380,92.632317,3.945648,0.370699,0.455830,0.809198,-0.912306,0.341958,0.225305,-0.174011,-0.821756,0.542620),fov=102.274513,dt=0.006663},
	{cf=CFrame.new(5.100822,92.671204,3.973145,0.380351,0.449724,0.808135,-0.899642,0.382506,0.210556,-0.214424,-0.807117,0.550077),fov=103.685272,dt=0.026981},
	{cf=CFrame.new(5.064110,92.744537,4.024933,0.396696,0.437583,0.806941,-0.871549,0.455497,0.181453,-0.288159,-0.775270,0.562069),fov=104.119675,dt=0.010380},
	{cf=CFrame.new(5.048851,92.775009,4.046478,0.402954,0.432097,0.806797,-0.858119,0.484875,0.168902,-0.318214,-0.760387,0.566173),fov=104.662849,dt=0.010663},
	{cf=CFrame.new(5.036438,92.791580,4.065521,0.415050,0.421138,0.806459,-0.830662,0.536999,0.147081,-0.371126,-0.730941,0.572705),fov=106.421463,dt=0.030397},
	{cf=CFrame.new(5.037224,92.768402,4.068512,0.432157,0.403632,0.806425,-0.785570,0.607641,0.116844,-0.442855,-0.683998,0.579678),fov=106.700600,dt=0.006899},
	{cf=CFrame.new(5.038517,92.751167,4.069427,0.442066,0.391210,0.807176,-0.752531,0.651463,0.096398,-0.488134,-0.650039,0.582388),fov=107.431290,dt=0.013877},
	{cf=CFrame.new(5.040264,92.729576,4.070404,0.452510,0.375082,0.809042,-0.708435,0.702228,0.070678,-0.541622,-0.605136,0.583487),fov=109.648300,dt=0.030124},
	{cf=CFrame.new(5.044212,92.681160,4.072510,0.466329,0.346735,0.813825,-0.621385,0.783186,0.022378,-0.629618,-0.516134,0.580678),fov=110.600006,dt=0.020234},
	{cf=CFrame.new(5.047302,92.643280,4.074127,0.471046,0.337332,0.815060,-0.580297,0.814403,-0.001690,-0.664357,-0.472181,0.579374),fov=111.775063,dt=0.025669},
	{cf=CFrame.new(5.050980,92.598190,4.076080,0.474992,0.328079,0.816545,-0.534683,0.844579,-0.028313,-0.698926,-0.423144,0.576586),fov=112.100250,dt=0.008119},
	{cf=CFrame.new(5.053368,92.568886,4.077393,0.476958,0.322098,0.817780,-0.504309,0.862323,-0.045511,-0.719849,-0.390707,0.573729),fov=112.853516,dt=0.014676},
	{cf=CFrame.new(5.056301,92.532928,4.078949,0.478695,0.314732,0.819631,-0.466065,0.882242,-0.066575,-0.744066,-0.350132,0.569011),fov=114.456314,dt=0.029659},
	{cf=CFrame.new(5.057537,92.488075,4.085266,0.478282,0.314420,0.819992,-0.426709,0.899286,-0.095935,-0.767571,-0.304013,0.564279),fov=114.788483,dt=0.008354},
	{cf=CFrame.new(5.057243,92.458847,4.091339,0.477109,0.318284,0.819184,-0.404968,0.906879,-0.116495,-0.779980,-0.276162,0.561575),fov=115.422081,dt=0.012449},
	{cf=CFrame.new(5.056652,92.422951,4.099213,0.475438,0.323903,0.817952,-0.378732,0.914546,-0.142014,-0.794054,-0.242266,0.557482),fov=118.812843,dt=0.045957},
	{cf=CFrame.new(5.055332,92.345154,4.116302,0.471547,0.336435,0.815141,-0.320547,0.926526,-0.196975,-0.821519,-0.168408,0.544744),fov=119.059776,dt=0.010400},
	{cf=CFrame.new(5.055096,92.294556,4.119873,0.474396,0.336259,0.813560,-0.284898,0.933080,-0.219532,-0.832936,-0.127637,0.538449),fov=119.441025,dt=0.021756},
	{cf=CFrame.new(5.055180,92.202637,4.120270,0.482980,0.328860,0.811530,-0.221779,0.942517,-0.249950,-0.847080,-0.059259,0.528151),fov=119.429695,dt=0.029647},
	{cf=CFrame.new(5.055420,92.002357,4.120361,0.497624,0.310952,0.809740,-0.081935,0.946210,-0.313006,-0.863514,0.089414,0.496335),fov=118.932549,dt=0.023764},
	{cf=CFrame.new(5.055489,91.947586,4.120392,0.500770,0.305867,0.809737,-0.043368,0.943176,-0.329452,-0.864493,0.129863,0.485579),fov=118.360367,dt=0.022515},
	{cf=CFrame.new(5.055473,91.526001,4.120422,0.491097,0.264097,0.830107,0.040637,0.944952,-0.324676,-0.870157,0.193180,0.453331),fov=118.233597,dt=0.009075},
	{cf=CFrame.new(5.055462,91.316948,4.120422,0.484408,0.243811,0.840182,0.080983,0.943760,-0.320559,-0.871086,0.223322,0.437421),fov=118.055267,dt=0.006220},
	{cf=CFrame.new(5.055447,91.045662,4.120422,0.473907,0.218085,0.853142,0.132679,0.940101,-0.314016,-0.870522,0.262008,0.416585),fov=117.406540,dt=0.014341},
	{cf=CFrame.new(5.055424,90.601250,4.120453,0.452570,0.177611,0.873862,0.216231,0.928859,-0.300774,-0.865115,0.325077,0.381969),fov=114.956490,dt=0.029986},
	{cf=CFrame.new(5.055397,90.139519,4.120483,0.425255,0.138109,0.894474,0.301008,0.910450,-0.283682,-0.853553,0.389881,0.345601),fov=114.554047,dt=0.012305},
	{cf=CFrame.new(5.055420,89.780746,4.061249,0.408463,0.101783,0.907082,0.368905,0.890576,-0.266050,-0.834905,0.443299,0.326220),fov=114.056435,dt=0.009167},
	{cf=CFrame.new(5.055492,88.960129,3.905884,0.359083,0.022983,0.933023,0.517248,0.827223,-0.219445,-0.776861,0.561403,0.285154),fov=110.613945,dt=0.030075},
	{cf=CFrame.new(5.055592,87.779449,3.681183,0.258927,-0.069087,0.963423,0.703276,0.697193,-0.139015,-0.662088,0.713547,0.229109),fov=108.777550,dt=0.021183},
	{cf=CFrame.new(5.055668,86.876640,3.509308,0.163909,-0.118394,0.979345,0.817326,0.572194,-0.067620,-0.552370,0.811528,0.190554),fov=106.433586,dt=0.024531},
	{cf=CFrame.new(5.179920,83.540047,3.128479,-0.006374,-0.105565,0.994392,0.945349,0.323549,0.040408,-0.326000,0.940304,0.097733),fov=101.504845,dt=0.031690},
	{cf=CFrame.new(5.254585,81.659821,2.923401,-0.093463,-0.072434,0.992985,0.976584,0.187439,0.105592,-0.193773,0.979602,0.053219),fov=97.113129,dt=0.023088},
	{cf=CFrame.new(5.280933,79.514351,2.754852,-0.124437,-0.047809,0.991075,0.991436,0.033892,0.126117,-0.039620,0.998281,0.043182),fov=96.214203,dt=0.008780},
	{cf=CFrame.new(5.292919,78.320213,2.663971,-0.138861,-0.031797,0.989801,0.989219,-0.051405,0.137128,0.046520,0.998172,0.038592),fov=94.875496,dt=0.008149},
	{cf=CFrame.new(5.312813,76.241608,2.506897,-0.163207,0.002469,0.986589,0.967192,-0.196932,0.160491,0.194687,0.980414,0.029753),fov=91.097336,dt=0.016472},
	{cf=CFrame.new(5.306229,73.227631,2.312042,-0.155290,0.019309,0.987680,0.909999,-0.386282,0.150628,0.384432,0.922179,0.042415),fov=83.734634,dt=0.028103},
	{cf=CFrame.new(5.281429,70.488335,2.152405,-0.132662,0.016969,0.991016,0.832000,-0.541498,0.120648,0.538680,0.840531,0.057718),fov=81.000175,dt=0.011043},
	{cf=CFrame.new(5.248772,67.166893,1.961243,-0.111738,0.021194,0.993512,0.700301,-0.707650,0.093857,0.705048,0.706245,0.064229),fov=73.268509,dt=0.020784},
	{cf=CFrame.new(5.227398,65.006195,1.836975,-0.101267,0.030150,0.994402,0.595274,-0.799031,0.084847,0.797116,0.600533,0.062968),fov=66.334938,dt=0.010421},
	{cf=CFrame.new(5.201122,62.352219,1.684387,-0.090337,0.050326,0.994639,0.449077,-0.889365,0.085786,0.888914,0.454419,0.057743),fov=51.578430,dt=0.028017},
	{cf=CFrame.new(5.168320,59.039318,1.493927,-0.075387,0.088845,0.993189,0.247676,-0.963141,0.104957,0.965905,0.253902,0.050603),fov=48.887665,dt=0.011620},
	{cf=CFrame.new(5.157581,57.046509,1.407471,-0.066366,0.102322,0.992535,0.133683,-0.984848,0.110468,0.988799,0.140017,0.051681),fov=47.633385,dt=0.007056},
	{cf=CFrame.new(5.137955,52.684055,1.230316,-0.044288,0.103504,0.993642,-0.111925,-0.988871,0.098018,0.992729,-0.106873,0.055380),fov=44.612041,dt=0.019790},
	{cf=CFrame.new(5.110020,46.419453,0.976746,-0.024734,0.044005,0.998725,-0.439002,-0.898028,0.028696,0.898146,-0.437732,0.041530),fov=41.620205,dt=0.032435},
	{cf=CFrame.new(5.092388,42.462601,0.816589,-0.031974,-0.023167,0.999220,-0.613718,-0.788614,-0.037923,0.788878,-0.614452,0.010997),fov=40.689674,dt=0.017757},
	{cf=CFrame.new(5.075787,38.736534,0.665802,-0.059890,-0.105149,0.992651,-0.745575,-0.656508,-0.114525,0.663726,-0.746955,-0.039078),fov=40.075142,dt=0.011424},
	{cf=CFrame.new(5.066704,36.698738,0.583344,-0.084450,-0.154317,0.984406,-0.802955,-0.574458,-0.158937,0.590026,-0.803856,-0.075396),fov=39.769825,dt=0.007356},
	{cf=CFrame.new(5.084225,34.624546,0.506500,-0.104107,-0.167838,0.980302,-0.857282,-0.484552,-0.174003,0.504211,-0.858510,-0.093440),fov=39.179092,dt=0.010664},
	{cf=CFrame.new(5.123264,30.672905,0.361572,-0.149698,-0.191661,0.969978,-0.931926,-0.300385,-0.203179,0.330308,-0.934363,-0.133647),fov=37.962460,dt=0.019135},
	{cf=CFrame.new(5.212849,26.440109,0.209290,-0.206136,-0.199138,0.958046,-0.969166,-0.093525,-0.227969,0.134998,-0.975498,-0.173719),fov=37.076397,dt=0.014955},
	{cf=CFrame.new(5.356678,22.084229,0.055664,-0.267242,-0.184861,0.945732,-0.961193,0.120881,-0.247982,-0.068479,-0.975302,-0.209992),fov=36.075367,dt=0.016270},
	{cf=CFrame.new(5.666927,16.700279,-0.137726,-0.334426,-0.132200,0.933104,-0.883337,0.389035,-0.261472,-0.328443,-0.911688,-0.246880),fov=34.741966,dt=0.021679},
	{cf=CFrame.new(6.003429,12.185867,-0.302216,-0.382953,-0.068226,0.921245,-0.755174,0.597487,-0.269669,-0.532034,-0.798971,-0.280332),fov=33.948086,dt=0.014477},
	{cf=CFrame.new(6.400391,8.899681,-0.458832,-0.383989,-0.001646,0.923336,-0.597418,0.762915,-0.247089,-0.704020,-0.646497,-0.293934),fov=33.085705,dt=0.014626},
	{cf=CFrame.new(7.016102,4.892418,-0.682678,-0.360172,0.080969,0.929365,-0.313537,0.927768,-0.202340,-0.878618,-0.364268,-0.308769),fov=32.151966,dt=0.015130},
	{cf=CFrame.new(5.954815,1.578964,-1.695374,-0.572146,0.082582,0.815983,-0.085798,0.983432,-0.159688,-0.815651,-0.161375,-0.555582),fov=31.381479,dt=0.017902},
	{cf=CFrame.new(2.998730,-0.886467,-3.582001,-0.911682,0.036810,0.409245,-0.002773,0.995405,-0.095711,-0.410888,-0.088393,-0.907391),fov=30.920092,dt=0.016699},
	{cf=CFrame.new(1.321564,-1.744553,-5.893585,-0.991615,0.067515,0.110186,0.062776,0.996970,-0.045931,-0.112954,-0.038629,-0.992849),fov=30.627953,dt=0.015876},
	{cf=CFrame.new(1.292900,-0.659912,-9.207489,-0.980097,0.181157,0.081187,0.180651,0.983453,-0.013587,-0.082305,0.001351,-0.996606),fov=30.264000,dt=0.028979},
	{cf=CFrame.new(1.421307,0.572411,-12.807617,-0.967934,0.237644,0.081424,0.239715,0.970702,0.016543,-0.075107,0.035531,-0.996542),fov=30.145428,dt=0.022457},
	{cf=CFrame.new(1.421703,0.619530,-13.433868,-0.985177,0.147067,0.088307,0.149328,0.988595,0.019525,-0.084429,0.032423,-0.995902),fov=30.107637,dt=0.012992},
	{cf=CFrame.new(1.396866,0.472038,-14.028931,-0.995250,-0.057664,0.078431,-0.056159,0.998195,0.021259,-0.079515,0.016754,-0.996693),fov=30.064144,dt=0.020205},
	{cf=CFrame.new(1.384354,0.414421,-14.292542,-0.992717,-0.095532,0.073394,-0.094217,0.995326,0.021180,-0.075074,0.014110,-0.997078),fov=30.042103,dt=0.017185},
	{cf=CFrame.new(1.365532,0.356987,-14.663391,-0.995849,-0.052373,0.074438,-0.050929,0.998478,0.021175,-0.075434,0.017296,-0.997001),fov=30.019825,dt=0.026457},
	{cf=CFrame.new(1.353306,0.326180,-14.925964,-0.997075,-0.016439,0.074637,-0.014774,0.999631,0.022804,-0.074984,0.021635,-0.996950),fov=30.011160,dt=0.021849},
	{cf=CFrame.new(1.331158,0.245621,-15.358582,-0.996490,0.041634,0.072621,0.043170,0.998873,0.019715,-0.071718,0.022780,-0.997165),fov=30.006544,dt=0.020683},
	{cf=CFrame.new(1.318722,0.243645,-15.568878,-0.995358,0.063962,0.071907,0.065607,0.997630,0.020743,-0.070410,0.025365,-0.997196),fov=30.003235,dt=0.025287},
	{cf=CFrame.new(1.305023,0.263474,-15.802032,-0.996348,0.045661,0.072152,0.047298,0.998657,0.021148,-0.071090,0.024483,-0.997169),fov=30.002214,dt=0.015782},
	{cf=CFrame.new(1.295387,0.278831,-15.965881,-0.997084,0.024987,0.072103,0.026573,0.999424,0.021130,-0.071534,0.022984,-0.997173),fov=30.001499,dt=0.016176},
	{cf=CFrame.new(1.290291,0.287361,-16.052460,-0.997317,0.013495,0.071951,0.015050,0.999664,0.021111,-0.071642,0.022138,-0.997185),fov=30.001226,dt=0.009189},
	{cf=CFrame.new(1.284004,0.305168,-16.155273,-0.997367,0.009838,0.071843,0.011381,0.999712,0.021108,-0.071615,0.021870,-0.997193),fov=30.000937,dt=0.011877},
	{cf=CFrame.new(1.275948,0.334282,-16.283356,-0.997317,0.014068,0.071843,0.015622,0.999655,0.021108,-0.071521,0.022174,-0.997193),fov=30.000605,dt=0.017744},
	{cf=CFrame.new(1.265858,0.371399,-16.443451,-0.997212,0.020237,0.071830,0.021805,0.999539,0.021110,-0.071370,0.022617,-0.997193),fov=30.000341,dt=0.021735},
	{cf=CFrame.new(1.260078,0.406601,-16.527405,-0.997196,0.020995,0.071825,0.022565,0.999522,0.021111,-0.071347,0.022672,-0.997194),fov=30.000177,dt=0.024207},
	{cf=CFrame.new(1.254662,0.451164,-16.599426,-0.997230,0.019353,0.071824,0.020918,0.999558,0.021111,-0.071384,0.022555,-0.997194),fov=30.000126,dt=0.014206},
	{cf=CFrame.new(1.251217,0.480255,-16.644806,-0.997252,0.018157,0.071823,0.019720,0.999583,0.021111,-0.071409,0.022469,-0.997194),fov=30.000092,dt=0.013266},
	{cf=CFrame.new(1.246037,0.524185,-16.712982,-0.997284,0.016319,0.071819,0.017878,0.999617,0.021111,-0.071447,0.022337,-0.997194),fov=30.000063,dt=0.015453},
	{cf=CFrame.new(1.244606,0.533211,-16.733765,-0.997277,0.016741,0.071819,0.018300,0.999610,0.021111,-0.071437,0.022367,-0.997194),fov=30.000050,dt=0.011010},
	{cf=CFrame.new(1.242657,0.543182,-16.763580,-0.997255,0.018014,0.071819,0.019576,0.999585,0.021111,-0.071409,0.022459,-0.997194),fov=30.000032,dt=0.016659},
	{cf=CFrame.new(1.240204,0.555519,-16.801270,-0.997224,0.019679,0.071817,0.021246,0.999551,0.021111,-0.071370,0.022578,-0.997194),fov=30.000021,dt=0.018929},
	{cf=CFrame.new(1.238602,0.563560,-16.825836,-0.997202,0.020769,0.071818,0.022338,0.999528,0.021111,-0.071346,0.022656,-0.997194),fov=30.000017,dt=0.013668},
	{cf=CFrame.new(1.237213,0.567055,-16.850128,-0.997185,0.021560,0.071819,0.023130,0.999510,0.021111,-0.071328,0.022712,-0.997194),fov=30.000011,dt=0.016683},
	{cf=CFrame.new(1.236423,0.563629,-16.868347,-0.997180,0.021763,0.071819,0.023334,0.999505,0.021111,-0.071324,0.022727,-0.997194),fov=30.000006,dt=0.017377},
	{cf=CFrame.new(1.235691,0.559502,-16.886047,-0.997177,0.021908,0.071820,0.023479,0.999501,0.021111,-0.071321,0.022737,-0.997194),fov=30.000004,dt=0.016741},
	{cf=CFrame.new(1.234970,0.555305,-16.903595,-0.997174,0.022046,0.071820,0.023618,0.999498,0.021111,-0.071319,0.022747,-0.997194),fov=30.000000,dt=0.016392},
	{cf=CFrame.new(1.234245,0.551109,-16.921204,-0.997171,0.022184,0.071820,0.023757,0.999495,0.021111,-0.071315,0.022757,-0.997194),fov=30.000000,dt=0.017407},
	{cf=CFrame.new(1.233356,0.545967,-16.942749,-0.997167,0.022354,0.071821,0.023926,0.999491,0.021111,-0.071312,0.022769,-0.997194),fov=30.000000,dt=0.019273},
	{cf=CFrame.new(1.233120,0.538971,-16.953461,-0.997171,0.022176,0.071821,0.023748,0.999495,0.021111,-0.071316,0.022756,-0.997194),fov=30.000000,dt=0.013586},
	{cf=CFrame.new(1.233128,0.527138,-16.963776,-0.997181,0.021703,0.071820,0.023274,0.999506,0.021111,-0.071326,0.022723,-0.997194),fov=30.000000,dt=0.016377},
	{cf=CFrame.new(1.233154,0.514832,-16.973999,-0.997192,0.021201,0.071819,0.022771,0.999518,0.021111,-0.071337,0.022687,-0.997194),fov=30.000000,dt=0.018599},
	{cf=CFrame.new(1.233330,0.501305,-16.983429,-0.997202,0.020723,0.071820,0.022291,0.999529,0.021111,-0.071348,0.022652,-0.997194),fov=30.000000,dt=0.017239},
	{cf=CFrame.new(1.233982,0.486839,-16.991180,-0.997209,0.020380,0.071826,0.021952,0.999535,0.021163,-0.071361,0.022681,-0.997193),fov=30.000000,dt=0.019089},
	{cf=CFrame.new(1.234516,0.479042,-16.994965,-0.997211,0.020252,0.071831,0.021828,0.999537,0.021221,-0.071368,0.022730,-0.997191),fov=30.000000,dt=0.012666},
	{cf=CFrame.new(1.235359,0.467674,-17.000366,-0.997214,0.020083,0.071840,0.021665,0.999538,0.021315,-0.071379,0.022812,-0.997188),fov=30.000000,dt=0.018230},
	{cf=CFrame.new(1.236069,0.458076,-17.004944,-0.997216,0.019941,0.071849,0.021529,0.999539,0.021394,-0.071389,0.022882,-0.997186),fov=30.000000,dt=0.015492},
	{cf=CFrame.new(1.237320,0.450348,-17.007782,-0.997220,0.019772,0.071850,0.021380,0.999536,0.021683,-0.071388,0.023158,-0.997180),fov=30.000000,dt=0.017810},
	{cf=CFrame.new(1.238461,0.444931,-17.009430,-0.997222,0.019630,0.071849,0.021259,0.999532,0.021975,-0.071384,0.023441,-0.997173),fov=30.000000,dt=0.016414},
	{cf=CFrame.new(1.240280,0.436653,-17.011871,-0.997227,0.019409,0.071846,0.021071,0.999526,0.022443,-0.071376,0.023895,-0.997163),fov=30.000000,dt=0.018844},
	{cf=CFrame.new(1.241486,0.431183,-17.013489,-0.997230,0.019263,0.071845,0.020946,0.999522,0.022754,-0.071372,0.024196,-0.997156),fov=30.000000,dt=0.012301},
	{cf=CFrame.new(1.242962,0.424438,-17.015472,-0.997234,0.019082,0.071842,0.020793,0.999516,0.023136,-0.071365,0.024566,-0.997148),fov=30.000000,dt=0.016704},
	{cf=CFrame.new(1.244473,0.417572,-17.017548,-0.997237,0.018899,0.071839,0.020637,0.999510,0.023526,-0.071359,0.024943,-0.997139),fov=30.000000,dt=0.016494},
	{cf=CFrame.new(1.245987,0.410706,-17.019562,-0.997241,0.018715,0.071836,0.020480,0.999504,0.023916,-0.071352,0.025321,-0.997130),fov=30.000000,dt=0.016831},
	{cf=CFrame.new(1.248142,0.402405,-17.021545,-0.997248,0.018451,0.071808,0.020259,0.999494,0.024525,-0.071319,0.025912,-0.997117),fov=30.000000,dt=0.018391},
	{cf=CFrame.new(1.249687,0.397049,-17.022675,-0.997253,0.018263,0.071778,0.020102,0.999486,0.024981,-0.071285,0.026355,-0.997108),fov=30.000000,dt=0.021313},
	{cf=CFrame.new(1.252048,0.388985,-17.024261,-0.997262,0.017974,0.071731,0.019861,0.999473,0.025685,-0.071231,0.027039,-0.997093),fov=30.000000,dt=0.013337},
	{cf=CFrame.new(1.252678,0.383972,-17.022186,-0.997314,0.017682,0.071078,0.019613,0.999455,0.026557,-0.070569,0.027880,-0.997117),fov=30.000000,dt=0.026272},
	{cf=CFrame.new(1.252697,0.381454,-17.020020,-0.997356,0.017497,0.070531,0.019454,0.999442,0.027146,-0.070017,0.028447,-0.997140),fov=30.000000,dt=0.006834},
	{cf=CFrame.new(1.252659,0.379181,-17.017822,-0.997397,0.017323,0.069994,0.019303,0.999430,0.027708,-0.069474,0.028987,-0.997163),fov=30.000000,dt=0.013421},
	{cf=CFrame.new(1.252583,0.375587,-17.014374,-0.997461,0.017047,0.069137,0.019063,0.999409,0.028600,-0.068609,0.029845,-0.997197),fov=30.000000,dt=0.019278},
	{cf=CFrame.new(1.252533,0.373215,-17.012085,-0.997504,0.016865,0.068569,0.018903,0.999395,0.029191,-0.068035,0.030414,-0.997219),fov=30.000000,dt=0.014910},
	{cf=CFrame.new(1.252457,0.369606,-17.008636,-0.997567,0.016589,0.067707,0.018661,0.999373,0.030085,-0.067166,0.031276,-0.997252),fov=30.000000,dt=0.020526},
	{cf=CFrame.new(1.252396,0.366547,-17.005676,-0.997621,0.016357,0.066976,0.018456,0.999354,0.030842,-0.066428,0.032005,-0.997278),fov=30.000000,dt=0.014769},
	{cf=CFrame.new(1.252346,0.364235,-17.003448,-0.997661,0.016180,0.066420,0.018299,0.999339,0.031419,-0.065868,0.032561,-0.997297),fov=30.000000,dt=0.017003},
	{cf=CFrame.new(1.250610,0.360008,-16.997192,-0.997770,0.015846,0.064830,0.017987,0.999307,0.032575,-0.064269,0.033669,-0.997365),fov=30.006418,dt=0.017461},
	{cf=CFrame.new(1.237041,0.352554,-16.979309,-0.998029,0.015783,0.060741,0.017836,0.999283,0.033406,-0.060171,0.034423,-0.997594),fov=30.028954,dt=0.016807},
	{cf=CFrame.new(1.218521,0.343620,-16.956482,-0.998327,0.015835,0.055618,0.017750,0.999261,0.034098,-0.055037,0.035028,-0.997870),fov=30.070700,dt=0.015311},
	{cf=CFrame.new(1.199501,0.334518,-16.933197,-0.998603,0.015902,0.050390,0.017667,0.999239,0.034774,-0.049799,0.035615,-0.998124),fov=30.146593,dt=0.017005},
	{cf=CFrame.new(1.184731,0.327477,-16.915070,-0.998799,0.015957,0.046330,0.017601,0.999222,0.035295,-0.045731,0.036068,-0.998303),fov=30.233503,dt=0.013904},
	{cf=CFrame.new(1.166084,0.318565,-16.892242,-0.999022,0.016028,0.041206,0.017514,0.999200,0.035949,-0.040597,0.036636,-0.998504),fov=30.379459,dt=0.017065},
	{cf=CFrame.new(1.147057,0.309471,-16.868958,-0.999223,0.016105,0.035975,0.017422,0.999178,0.036615,-0.035356,0.037214,-0.998682),fov=30.554483,dt=0.016815},
	{cf=CFrame.new(1.127991,0.300377,-16.845612,-0.999397,0.016184,0.030733,0.017327,0.999155,0.037280,-0.030103,0.037790,-0.998832),fov=30.784801,dt=0.018547},
	{cf=CFrame.new(1.097141,0.286949,-16.809509,-0.999604,0.016463,0.022835,0.017320,0.999133,0.037867,-0.022192,0.038248,-0.999022),fov=31.037376,dt=0.017969},
	{cf=CFrame.new(1.066872,0.274384,-16.774902,-0.999741,0.016804,0.015353,0.017381,0.999118,0.038220,-0.014698,0.038477,-0.999151),fov=31.302469,dt=0.016586},
	{cf=CFrame.new(1.043449,0.264709,-16.748169,-0.999808,0.017074,0.009584,0.017430,0.999107,0.038476,-0.008919,0.038636,-0.999214),fov=31.545210,dt=0.013196},
	{cf=CFrame.new(1.013916,0.252518,-16.714508,-0.999846,0.017414,0.002315,0.017491,0.999094,0.038795,-0.001637,0.038830,-0.999245),fov=31.918177,dt=0.016962},
	{cf=CFrame.new(0.920441,0.223793,-16.610779,-0.999688,0.019021,-0.016174,0.018390,0.999099,0.038254,0.016887,0.037945,-0.999137),fov=33.064423,dt=0.034085},
	{cf=CFrame.new(0.756752,0.177025,-16.430115,-0.998679,0.021998,-0.046441,0.020298,0.999118,0.036765,0.047209,0.035774,-0.998244),fov=33.177433,dt=0.010558},
	{cf=CFrame.new(0.663216,0.150391,-16.326904,-0.997690,0.023693,-0.063664,0.021435,0.999125,0.035911,0.064459,0.034464,-0.997325),fov=33.400661,dt=0.011690},
	{cf=CFrame.new(0.576683,0.125778,-16.231415,-0.996509,0.025255,-0.079570,0.022517,0.999129,0.035126,0.080388,0.033212,-0.996210),fov=33.855457,dt=0.017480},
	{cf=CFrame.new(0.490860,0.101372,-16.136719,-0.995085,0.026797,-0.095329,0.023615,0.999131,0.034355,0.096166,0.031934,-0.994853),fov=34.172943,dt=0.010932},
	{cf=CFrame.new(0.379383,0.069664,-16.013733,-0.992860,0.028789,-0.115762,0.025081,0.999129,0.033365,0.116622,0.030223,-0.992716),fov=34.692631,dt=0.014619},
	{cf=CFrame.new(0.110355,0.003113,-15.712097,-0.986327,0.033689,-0.161321,0.029115,0.999107,0.030635,0.162209,0.025519,-0.986426),fov=37.122940,dt=0.045793},
	{cf=CFrame.new(-0.383995,-0.091339,-15.144501,-0.971214,0.042831,-0.234328,0.038084,0.998968,0.024752,0.235146,0.015115,-0.971842),fov=38.224083,dt=0.031177},
	{cf=CFrame.new(-0.848919,-0.178810,-14.610046,-0.952153,0.051022,-0.301333,0.047332,0.998688,0.019539,0.301935,0.004341,-0.953319),fov=39.897079,dt=0.035529},
	{cf=CFrame.new(-1.207035,-0.246078,-14.198303,-0.934296,0.057006,-0.351911,0.054962,0.998363,0.015805,0.352236,-0.004575,-0.935900),fov=40.944691,dt=0.020803},
	{cf=CFrame.new(-1.398666,-0.282074,-13.977997,-0.923625,0.060077,-0.378560,0.059218,0.998148,0.013921,0.378695,-0.009560,-0.925472),fov=41.294044,dt=0.011880},
	{cf=CFrame.new(-1.633400,-0.302261,-13.683075,-0.911430,0.063619,-0.406507,0.064536,0.997850,0.011468,0.406362,-0.015781,-0.913576),fov=41.770611,dt=0.011377},
	{cf=CFrame.new(-1.872692,-0.320816,-13.380341,-0.898295,0.067087,-0.434242,0.070116,0.997498,0.009060,0.433763,-0.022308,-0.900751),fov=42.455830,dt=0.013037},
	{cf=CFrame.new(-2.184349,-0.344719,-12.985718,-0.879942,0.071392,-0.469686,0.077631,0.996964,0.006099,0.468695,-0.031096,-0.882812),fov=43.588242,dt=0.018940},
	{cf=CFrame.new(-2.503250,-0.369148,-12.581940,-0.859715,0.075532,-0.505159,0.085598,0.996324,0.003293,0.503551,-0.040409,-0.863020),fov=44.475765,dt=0.015091},
	{cf=CFrame.new(-2.822872,-0.393639,-12.177246,-0.838009,0.079396,-0.539849,0.093859,0.995585,0.000723,0.537523,-0.050064,-0.841762),fov=45.483784,dt=0.015882},
	{cf=CFrame.new(-3.142563,-0.418121,-11.772430,-0.814906,0.082961,-0.573625,0.102390,0.994743,-0.001592,0.570478,-0.060031,-0.819116),fov=46.546947,dt=0.016000},
	{cf=CFrame.new(-3.462269,-0.442627,-11.367615,-0.790452,0.086211,-0.606426,0.111180,0.993794,-0.003638,0.602349,-0.070298,-0.795131),fov=47.748783,dt=0.017402},
	{cf=CFrame.new(-3.819851,-0.458908,-10.901184,-0.762536,0.089355,-0.640745,0.121083,0.992626,-0.005671,0.635513,-0.081908,-0.767733),fov=48.900723,dt=0.016719},
	{cf=CFrame.new(-4.160706,-0.450142,-10.415161,-0.734989,0.091518,-0.671875,0.130132,0.991470,-0.007306,0.665475,-0.092802,-0.740629),fov=50.045319,dt=0.016588},
	{cf=CFrame.new(-4.440296,-0.422752,-9.976776,-0.710968,0.092524,-0.697111,0.137109,0.990521,-0.008368,0.689728,-0.101530,-0.716915),fov=51.182240,dt=0.016594},
	{cf=CFrame.new(-4.713753,-0.393509,-9.543213,-0.686600,0.093201,-0.721037,0.144001,0.989535,-0.009216,0.712632,-0.110158,-0.692836),fov=52.318645,dt=0.016849},
	{cf=CFrame.new(-4.986599,-0.364067,-9.110046,-0.661507,0.093620,-0.744073,0.151002,0.988484,-0.009874,0.734580,-0.118888,-0.668026),fov=53.424541,dt=0.016844},
	{cf=CFrame.new(-5.259384,-0.334610,-8.676971,-0.635679,0.093782,-0.766235,0.158127,0.987365,-0.010337,0.755584,-0.127734,-0.642477),fov=54.933537,dt=0.023674},
	{cf=CFrame.new(-5.532162,-0.305153,-8.243927,-0.609144,0.093682,-0.787507,0.165371,0.986175,-0.010600,0.775626,-0.136688,-0.616215),fov=55.365490,dt=0.008146},
	{cf=CFrame.new(-5.866329,-0.269066,-7.713379,-0.575724,0.093195,-0.812315,0.174401,0.984617,-0.010642,0.798828,-0.147796,-0.583121),fov=57.071339,dt=0.027025},
	{cf=CFrame.new(-6.145245,-0.238953,-7.270538,-0.547100,0.092473,-0.831943,0.182054,0.983233,-0.010432,0.817030,-0.157166,-0.554762),fov=57.573273,dt=0.010679},
	{cf=CFrame.new(-6.452606,-0.179947,-6.726685,-0.513097,0.090585,-0.853537,0.189629,0.981807,-0.009795,0.837122,-0.166882,-0.520939),fov=59.852882,dt=0.032218},
	{cf=CFrame.new(-6.915165,-0.047462,-5.767395,-0.450395,0.085336,-0.888742,0.200233,0.979720,-0.007402,0.870087,-0.181289,-0.458348),fov=60.492783,dt=0.015623},
	{cf=CFrame.new(-7.096584,0.054115,-5.204315,-0.409326,0.080720,-0.908811,0.203640,0.979034,-0.004761,0.889372,-0.187019,-0.417182),fov=61.134964,dt=0.014858},
	{cf=CFrame.new(-7.283688,0.174706,-4.563995,-0.360904,0.074955,-0.929586,0.206880,0.978365,-0.001432,0.909367,-0.192830,-0.368603),fov=62.884735,dt=0.030017},
	{cf=CFrame.new(-7.572727,0.363441,-3.565582,-0.283367,0.065354,-0.956782,0.211743,0.977317,0.004045,0.935344,-0.201446,-0.290778),fov=64.845802,dt=0.040624},
	{cf=CFrame.new(-7.871964,0.559006,-2.531372,-0.201056,0.054687,-0.978052,0.216601,0.976208,0.010058,0.955333,-0.209825,-0.208118),fov=65.760086,dt=0.029406},
	{cf=CFrame.new(-7.989952,0.701546,-1.850616,-0.141283,0.046693,-0.988868,0.217467,0.975952,0.015013,0.965788,-0.212925,-0.148040),fov=66.121208,dt=0.015892},
	{cf=CFrame.new(-8.034142,0.776329,-1.506348,-0.109900,0.042470,-0.993035,0.217399,0.975923,0.017679,0.969876,-0.213942,-0.116487),fov=66.512306,dt=0.015845},
	{cf=CFrame.new(-8.081753,0.864510,-1.103729,-0.072806,0.037463,-0.996642,0.217140,0.975918,0.020822,0.973422,-0.214895,-0.079187),fov=66.724251,dt=0.012570},
	{cf=CFrame.new(-8.075626,1.001938,-0.501190,-0.010977,0.029528,-0.999504,0.215215,0.976208,0.026476,0.976505,-0.214818,-0.017071),fov=67.697418,dt=0.033809},
	{cf=CFrame.new(-8.052891,1.273209,0.684875,0.111529,0.013928,-0.993664,0.210492,0.976883,0.037318,0.971213,-0.213320,0.106019),fov=68.154984,dt=0.020297},
	{cf=CFrame.new(-7.755440,1.453621,1.492828,0.214655,0.002406,-0.976687,0.202172,0.978229,0.046843,0.955537,-0.207514,0.209495),fov=68.504234,dt=0.018477},
	{cf=CFrame.new(-7.577801,1.548264,1.918182,0.269604,-0.003458,-0.962965,0.197116,0.979018,0.051671,0.942581,-0.203747,0.264629),fov=68.781937,dt=0.016637},
	{cf=CFrame.new(-7.264267,1.710922,2.649719,0.362587,-0.013027,-0.931859,0.187788,0.980414,0.059362,0.912835,-0.196516,0.357932),fov=69.491989,dt=0.038414},
	{cf=CFrame.new(-6.838554,1.931458,3.641541,0.483019,-0.024788,-0.875259,0.174218,0.982334,0.068323,0.858103,-0.185488,0.478805),fov=69.762131,dt=0.031083},
	{cf=CFrame.new(-6.140167,2.138512,4.651794,0.608658,-0.034920,-0.792664,0.153204,0.985403,0.074228,0.778501,-0.166619,0.605124),fov=69.851654,dt=0.020393},
	{cf=CFrame.new(-5.810162,2.227547,5.094086,0.660535,-0.038385,-0.749814,0.143232,0.986793,0.075661,0.737006,-0.157374,0.657309),fov=69.906670,dt=0.018543},
	{cf=CFrame.new(-5.170135,2.395897,5.934509,0.751226,-0.043177,-0.658632,0.123895,0.989345,0.076457,0.648313,-0.139038,0.748571),fov=69.906670,dt=0.028371},
	{cf=CFrame.new(-4.672535,2.526619,6.587341,0.813230,-0.045255,-0.580180,0.108937,0.991186,0.075381,0.571655,-0.124506,0.810993),fov=70.000000,dt=0.014984},
	{cf=CFrame.new(-4.349487,2.597832,6.958984,0.845918,-0.045511,-0.531368,0.099566,0.992311,0.073516,0.523936,-0.115095,0.843945),fov=70.000000,dt=0.014382},
	{cf=CFrame.new(-3.817150,2.667198,7.388214,0.883463,-0.043790,-0.466450,0.085224,0.994032,0.068097,0.460684,-0.099914,0.881923),fov=70.000000,dt=0.021579},
	{cf=CFrame.new(-3.263882,2.736382,7.823151,0.916713,-0.040752,-0.397464,0.070827,0.995605,0.061277,0.393220,-0.084324,0.915570),fov=70.000000,dt=0.033485},
	{cf=CFrame.new(-2.507687,2.827354,8.404266,0.952947,-0.034642,-0.301149,0.052100,0.997383,0.050130,0.298625,-0.063461,0.952258),fov=70.000000,dt=0.031122},
	{cf=CFrame.new(-1.730900,2.910019,8.960938,0.978642,-0.026092,-0.203911,0.034243,0.998745,0.036546,0.202702,-0.042748,0.978307),fov=70.000000,dt=0.012897},
	{cf=CFrame.new(-1.357410,2.942726,9.202332,0.986949,-0.021221,-0.159626,0.026223,0.999227,0.029291,0.158881,-0.033094,0.986743),fov=70.000000,dt=0.021884},
	{cf=CFrame.new(-0.629868,3.003014,9.659790,0.997188,-0.010507,-0.074206,0.011586,0.999833,0.014116,0.074045,-0.014936,0.997143),fov=70.000000,dt=0.020040},
	{cf=CFrame.new(-0.162735,3.041626,9.953125,0.999812,-0.002821,-0.019172,0.002893,0.999989,0.003729,0.019162,-0.003784,0.999809),fov=70.000000,dt=0.012387},
	{cf=CFrame.new(-0.016270,3.053726,10.045074,0.999998,-0.000285,-0.001917,0.000286,1.000000,0.000375,0.001917,-0.000376,0.999998),fov=70.000000,dt=0.025910},
	{cf=CFrame.new(-0.001625,3.054932,10.054291,1.000000,-0.000029,-0.000192,0.000029,1.000000,0.000038,0.000192,-0.000038,1.000000),fov=70.000000,dt=0.027839},
	{cf=CFrame.new(-0.000160,3.055054,10.055176,1.000000,-0.000003,-0.000019,0.000003,1.000000,0.000004,0.000019,-0.000004,1.000000),fov=70.000000,dt=0.020805},
	{cf=CFrame.new(-0.000015,3.055069,10.055298,1.000000,-0.000000,-0.000002,0.000000,1.000000,0.000000,0.000002,-0.000000,1.000000),fov=70.000000,dt=0.030292},
	{cf=CFrame.new(0.000000,3.055069,10.055298,1.000000,-0.000000,-0.000000,0.000000,1.000000,0.000000,0.000000,-0.000000,1.000000),fov=70.000000,dt=0.012683},
	{cf=CFrame.new(0.000004,3.055069,10.055298,1.000000,0.000000,-0.000000,-0.000000,1.000000,0.000000,0.000000,-0.000000,1.000000),fov=70.000000,dt=0.021048},
	{cf=CFrame.new(0.000004,3.055069,10.055298,1.000000,0.000000,-0.000000,-0.000000,1.000000,0.000000,0.000000,-0.000000,1.000000),fov=70.000000,dt=0.009484},
	{cf=CFrame.new(0.000004,3.055069,10.055298,1.000000,0.000000,-0.000000,-0.000000,1.000000,0.000000,0.000000,-0.000000,1.000000),fov=70.000000,dt=0.024545},
	{cf=CFrame.new(0.000000,3.055069,10.055298,1.000000,0.000000,-0.000000,-0.000000,1.000000,0.000000,0.000000,-0.000000,1.000000),fov=70.000000,dt=0.016221},
	{cf=CFrame.new(0.000004,3.055069,10.055298,1.000000,-0.000000,-0.000000,0.000000,1.000000,-0.000000,0.000000,0.000000,1.000000),fov=70.000000,dt=0.013058},
	{cf=CFrame.new(0.000004,3.055069,10.055298,1.000000,-0.000000,-0.000000,0.000000,1.000000,-0.000000,0.000000,0.000000,1.000000),fov=70.000000,dt=0.014305},
	{cf=CFrame.new(0.000000,3.055077,10.055298,1.000000,-0.000000,-0.000000,0.000000,1.000000,-0.000000,0.000000,0.000000,1.000000),fov=70.000000,dt=0.024395},
	{cf=CFrame.new(0.000004,3.055069,10.055298,1.000000,-0.000000,-0.000000,0.000000,1.000000,-0.000000,0.000000,0.000000,1.000000),fov=70.000000,dt=0.016207},
	{cf=CFrame.new(0.000000,3.055069,10.055298,1.000000,-0.000000,-0.000000,0.000000,1.000000,-0.000000,0.000000,0.000000,1.000000),fov=70.000000,dt=0.010301},
	{cf=CFrame.new(0.000004,3.055069,10.055298,1.000000,-0.000000,-0.000000,0.000000,1.000000,-0.000000,0.000000,0.000000,1.000000),fov=70.000000,dt=0.023559},
	{cf=CFrame.new(0.000000,3.055069,10.055298,1.000000,-0.000000,-0.000000,0.000000,1.000000,-0.000000,0.000000,0.000000,1.000000),fov=70.000000,dt=0.021547},
	{cf=CFrame.new(0.000004,3.055069,10.055298,1.000000,0.000000,-0.000000,-0.000000,1.000000,0.000000,0.000000,-0.000000,1.000000),fov=70.000000,dt=0.030635},
	{cf=CFrame.new(0.000000,3.055069,10.055298,1.000000,0.000000,-0.000000,-0.000000,1.000000,0.000000,0.000000,-0.000000,1.000000),fov=70.000000,dt=0.018912},
	{cf=CFrame.new(0.000000,3.055069,10.055298,1.000000,0.000000,-0.000000,-0.000000,1.000000,0.000000,0.000000,-0.000000,1.000000),fov=70.000000,dt=0.014922},
	{cf=CFrame.new(0.000000,3.055069,10.055298,1.000000,0.000000,-0.000000,-0.000000,1.000000,0.000000,0.000000,-0.000000,1.000000),fov=70.000000,dt=0.008938},
	{cf=CFrame.new(0.000000,3.055069,10.055298,1.000000,0.000000,-0.000000,-0.000000,1.000000,0.000000,0.000000,-0.000000,1.000000),fov=70.000000,dt=0.014196},
	{cf=CFrame.new(0.000000,3.055061,10.055298,1.000000,0.000000,-0.000000,-0.000000,1.000000,0.000000,0.000000,-0.000000,1.000000),fov=70.000000,dt=0.019802},
	{cf=CFrame.new(0.000004,3.055069,10.055298,1.000000,-0.000000,-0.000000,0.000000,1.000000,-0.000000,0.000000,0.000000,1.000000),fov=70.000000,dt=0.020670},
	{cf=CFrame.new(0.000000,3.055069,10.055298,1.000000,-0.000000,-0.000000,0.000000,1.000000,-0.000000,0.000000,0.000000,1.000000),fov=70.000000,dt=0.012742},
	{cf=CFrame.new(0.000004,3.055069,10.055298,1.000000,-0.000000,-0.000000,0.000000,1.000000,-0.000000,0.000000,0.000000,1.000000),fov=70.000000,dt=0.019958},
	{cf=CFrame.new(0.000000,3.055069,10.055298,1.000000,-0.000000,-0.000000,0.000000,1.000000,-0.000000,0.000000,0.000000,1.000000),fov=70.000000,dt=0.013989},
	{cf=CFrame.new(0.000004,3.055069,10.055298,1.000000,-0.000000,-0.000000,0.000000,1.000000,-0.000000,0.000000,0.000000,1.000000),fov=70.000000,dt=0.047359},
	{cf=CFrame.new(0.000000,3.055069,10.055298,1.000000,-0.000000,-0.000000,0.000000,1.000000,-0.000000,0.000000,0.000000,1.000000),fov=70.000000,dt=0.034413},
	{cf=CFrame.new(0.000000,3.055069,10.055298,1.000000,0.000000,-0.000000,-0.000000,1.000000,0.000000,0.000000,-0.000000,1.000000),fov=70.000000,dt=0.013002},
	{cf=CFrame.new(0.000004,3.055069,10.055298,1.000000,0.000000,-0.000000,-0.000000,1.000000,0.000000,0.000000,-0.000000,1.000000),fov=70.000000,dt=0.014366},
	{cf=CFrame.new(0.000000,3.055069,10.055298,1.000000,0.000000,-0.000000,-0.000000,1.000000,0.000000,0.000000,-0.000000,1.000000),fov=70.000000,dt=0.010987},
	{cf=CFrame.new(0.000000,3.055069,10.055298,1.000000,0.000000,-0.000000,-0.000000,1.000000,0.000000,0.000000,-0.000000,1.000000),fov=70.000000,dt=0.024702},
	{cf=CFrame.new(0.000004,3.055069,10.055298,1.000000,-0.000000,-0.000000,0.000000,1.000000,-0.000000,0.000000,0.000000,1.000000),fov=70.000000,dt=0.028925},
	{cf=CFrame.new(0.000000,3.055069,10.055298,1.000000,-0.000000,-0.000000,0.000000,1.000000,-0.000000,0.000000,0.000000,1.000000),fov=70.000000,dt=0.018086},
	{cf=CFrame.new(0.000004,3.055069,10.055298,1.000000,-0.000000,-0.000000,0.000000,1.000000,-0.000000,0.000000,0.000000,1.000000),fov=70.000000,dt=0.018029},
	{cf=CFrame.new(0.000000,3.055069,10.055298,1.000000,-0.000000,-0.000000,0.000000,1.000000,-0.000000,0.000000,0.000000,1.000000),fov=70.000000,dt=0.030633},
	{cf=CFrame.new(0.000004,3.055061,10.055298,1.000000,-0.000000,-0.000000,0.000000,1.000000,-0.000000,0.000000,0.000000,1.000000),fov=70.000000,dt=0.012033},
	{cf=CFrame.new(0.003296,2.787659,13.290253,1.000000,-0.000000,-0.000000,0.000000,1.000000,-0.000000,0.000000,0.000000,1.000000),fov=70.000000,dt=0.027082},
	{cf=CFrame.new(0.002613,2.632172,15.185638,1.000000,-0.000000,-0.000000,0.000000,1.000000,-0.000000,0.000000,0.000000,1.000000),fov=70.000000,dt=0.015398},
	{cf=CFrame.new(0.001320,2.535019,16.373505,1.000000,-0.000000,-0.000000,0.000000,1.000000,-0.000000,0.000000,0.000000,1.000000),fov=70.000000,dt=0.010108},
	{cf=CFrame.new(-0.002686,2.392540,18.119934,1.000000,0.000000,-0.000000,-0.000000,1.000000,0.000000,0.000000,-0.000000,1.000000),fov=70.000000,dt=0.018263},
	{cf=CFrame.new(-0.005768,2.317024,19.048248,1.000000,0.000000,-0.000000,-0.000000,1.000000,0.000000,0.000000,-0.000000,1.000000),fov=70.000000,dt=0.010889},
	{cf=CFrame.new(-0.008560,2.258537,19.768768,1.000000,0.000000,-0.000000,-0.000000,1.000000,0.000000,0.000000,-0.000000,1.000000),fov=70.000000,dt=0.009895},
	{cf=CFrame.new(-0.013538,2.166855,20.900604,1.000000,0.000000,-0.000000,-0.000000,1.000000,0.000000,0.000000,-0.000000,1.000000),fov=70.000000,dt=0.018417},
	{cf=CFrame.new(-0.018085,2.080032,21.972168,1.000000,0.000000,-0.000000,-0.000000,1.000000,0.000000,0.000000,-0.000000,1.000000),fov=70.000000,dt=0.015008},
	{cf=CFrame.new(-0.025261,2.006363,22.894745,1.000000,0.000000,-0.000000,-0.000000,1.000000,0.000000,0.000000,-0.000000,1.000000),fov=70.000000,dt=0.031978},
	{cf=CFrame.new(-0.030087,1.944519,23.665344,1.000000,0.000000,-0.000000,-0.000000,1.000000,0.000000,0.000000,-0.000000,1.000000),fov=70.000000,dt=0.027399},
	{cf=CFrame.new(-0.031990,1.928879,23.863525,1.000000,-0.000000,-0.000000,0.000000,1.000000,-0.000000,0.000000,0.000000,1.000000),fov=70.000000,dt=0.009243},
	{cf=CFrame.new(-0.033981,1.908096,24.124573,1.000000,-0.000000,-0.000000,0.000000,1.000000,-0.000000,0.000000,0.000000,1.000000),fov=70.000000,dt=0.013310},
	{cf=CFrame.new(-0.035995,1.887459,24.384460,1.000000,-0.000000,-0.000000,0.000000,1.000000,-0.000000,0.000000,0.000000,1.000000),fov=70.000000,dt=0.015565},
	{cf=CFrame.new(-0.037834,1.869080,24.616669,1.000000,-0.000000,-0.000000,0.000000,1.000000,-0.000000,0.000000,0.000000,1.000000),fov=70.000000,dt=0.016590},
	{cf=CFrame.new(-0.039486,1.852913,24.821350,1.000000,-0.000000,-0.000000,0.000000,1.000000,-0.000000,0.000000,0.000000,1.000000),fov=70.000000,dt=0.017722},
	{cf=CFrame.new(-0.040745,1.841339,24.968903,1.000000,-0.000000,-0.000000,0.000000,1.000000,-0.000000,0.000000,0.000000,1.000000),fov=70.000000,dt=0.015629},
	{cf=CFrame.new(-0.041924,1.829979,25.113647,1.000000,-0.000000,-0.000000,0.000000,1.000000,-0.000000,0.000000,0.000000,1.000000),fov=70.000000,dt=0.017354},
	{cf=CFrame.new(-0.042919,1.821442,25.223694,1.000000,0.000000,-0.000000,-0.000000,1.000000,0.000000,0.000000,-0.000000,1.000000),fov=70.000000,dt=0.017772},
	{cf=CFrame.new(-0.043652,1.814735,25.310089,1.000000,0.000000,-0.000000,-0.000000,1.000000,0.000000,0.000000,-0.000000,1.000000),fov=70.000000,dt=0.015583},
	{cf=CFrame.new(-0.044327,1.809128,25.383148,1.000000,0.000000,-0.000000,-0.000000,1.000000,0.000000,0.000000,-0.000000,1.000000),fov=70.000000,dt=0.016763},
	{cf=CFrame.new(-0.044888,1.804184,25.447571,1.000000,0.000000,-0.000000,-0.000000,1.000000,0.000000,0.000000,-0.000000,1.000000),fov=70.000000,dt=0.016941},
	{cf=CFrame.new(-0.045357,1.800194,25.500122,1.000000,0.000000,-0.000000,-0.000000,1.000000,0.000000,0.000000,-0.000000,1.000000),fov=70.000000,dt=0.016654},
	{cf=CFrame.new(-0.045765,1.796791,25.544983,1.000000,0.000000,-0.000000,-0.000000,1.000000,0.000000,0.000000,-0.000000,1.000000),fov=70.000000,dt=0.017173},
	{cf=CFrame.new(-0.046070,1.794151,25.579865,1.000000,0.000000,-0.000000,-0.000000,1.000000,0.000000,0.000000,-0.000000,1.000000),fov=70.000000,dt=0.015793},
	{cf=CFrame.new(-0.046387,1.791588,25.613800,1.000000,-0.000000,-0.000000,0.000000,1.000000,-0.000000,0.000000,0.000000,1.000000),fov=70.000000,dt=0.019310},
	{cf=CFrame.new(-0.046585,1.789932,25.635864,1.000000,-0.000000,-0.000000,0.000000,1.000000,-0.000000,0.000000,0.000000,1.000000),fov=70.000000,dt=0.014886},
	{cf=CFrame.new(-0.046783,1.788414,25.656128,1.000000,-0.000000,-0.000000,0.000000,1.000000,-0.000000,0.000000,0.000000,1.000000),fov=70.000000,dt=0.016513},
	{cf=CFrame.new(-0.047016,1.786438,25.682312,1.000000,-0.000000,-0.000000,0.000000,1.000000,-0.000000,0.000000,0.000000,1.000000),fov=70.000000,dt=0.025985},
	{cf=CFrame.new(-0.047073,1.785965,25.688629,1.000000,-0.000000,-0.000000,0.000000,1.000000,-0.000000,0.000000,0.000000,1.000000),fov=70.000000,dt=0.007034},
	{cf=CFrame.new(-0.047234,1.783913,25.715057,1.000000,-0.000000,-0.000000,0.000000,1.000000,-0.000000,0.000000,0.000000,1.000000),fov=70.000000,dt=0.017782},
}

local accumulated = 0
local index = 1
local smoothRootCF = root.CFrame

RunService:BindToRenderStep('FollowCinematic', Enum.RenderPriority.Camera.Value + 1, function(dt)

	accumulated += dt

	smoothRootCF = root.CFrame

	while frames[index] and accumulated >= frames[index].dt do

		accumulated -= frames[index].dt

		local f = frames[index]

		camera.CFrame = smoothRootCF * f.cf
		camera.FieldOfView = f.fov

		index += 1

	end

	if not frames[index] then
		RunService:UnbindFromRenderStep('FollowCinematic')
		camera.CameraType = Enum.CameraType.Custom
	end

end)
